job_id,num_qubits,layers,rotations,entanglement,param_count,num_shots,depth,req_iterations,cpu_units,mem_bw,priority,arrival_time
1,12,5,"rx, rz, ry",circular,216,2200,78,2,3,8,2,0.015643910824887624
2,18,4,ry,circular,90,3600,77,5,6,9,2,1.2961249208510472
3,12,4,rx,circular,60,2800,53,5,4,9,2,2.8277573540998873
4,18,5,ry,circular,108,1800,96,5,7,9,2,6.076326411136872
5,13,7,ry,circular,104,4700,99,2,7,5,2,6.511164954964505
6,17,5,"ry, rx",circular,204,4700,97,5,3,5,2,16.188052874712085
7,22,3,rz,circular,88,2900,70,5,6,9,2,21.871619109320417
8,11,7,"ry, rx",circular,176,3300,93,2,4,9,2,26.204652203067184
9,17,5,ry,circular,102,3600,91,3,3,9,2,27.61462135599887
10,13,7,rz,circular,104,3600,99,2,6,6,2,28.974007855889674
11,10,7,ry,circular,80,1400,78,2,3,8,2,33.65962391120901
12,12,6,"rz, rx, ry",circular,252,1500,93,5,5,9,2,35.63529428435486
13,11,5,rz,circular,66,2500,61,3,5,7,2,36.54539199264058
14,10,8,"ry, rx",circular,180,4800,98,2,3,8,2,37.77501060111104
15,14,6,rz,circular,98,2400,91,2,4,8,2,38.71245227423457
16,10,6,"rz, ry",circular,140,4200,74,5,4,8,2,39.19474439609159
17,12,5,"rx, rz",circular,144,3300,72,4,3,6,2,40.31340802743624
18,13,6,"rx, rz, ry",circular,273,2700,99,3,3,8,2,48.79367775181039
19,16,5,rz,circular,96,2400,86,2,3,7,2,52.04737609096198
20,13,7,rz,circular,104,4400,99,4,4,8,2,55.03965856577989
21,12,6,"rz, ry",circular,168,4900,86,3,5,6,2,60.41020058423968
22,11,5,"rx, ry, rz",circular,198,3100,73,5,7,7,2,63.456690998113224
23,12,6,"ry, rx",circular,168,4000,86,3,4,5,2,72.31701952724634
24,14,6,rz,circular,98,2900,91,2,3,5,2,83.40775756817985
25,15,4,"ry, rx, rz",circular,225,4000,75,4,7,8,2,83.77109886735771
26,13,6,rz,circular,91,2400,85,5,6,8,2,84.02680155510602
27,12,6,"ry, rz, rx",circular,252,3500,93,5,7,8,2,86.80563035728434
28,17,5,"ry, rx",circular,204,1300,97,5,3,9,2,93.02320840872683
29,12,6,rz,circular,84,4600,79,5,7,5,2,94.30912601858057
30,12,4,"ry, rz",circular,120,2800,58,5,7,8,2,98.62274596487207
31,15,6,rz,circular,105,4100,97,2,7,6,2,99.3376138054624
32,12,6,"rz, rx, ry",circular,252,2900,93,3,6,7,2,100.63752827979545
33,14,5,rx,circular,84,2300,76,4,5,6,2,106.0612441074355
34,11,5,"rx, ry",circular,132,1300,67,2,3,6,2,121.74964117946672
35,12,6,rz,circular,84,2400,79,4,3,9,2,128.65818743560857
36,15,6,rz,circular,105,2800,97,5,7,9,2,131.7711442570354
37,21,4,"ry, rx, rz",circular,315,2900,99,2,7,7,2,132.60141585633977
38,11,6,"rx, ry, rz",circular,231,4900,87,2,3,6,2,133.09943710336947
39,11,7,ry,circular,88,4600,85,3,7,5,2,135.52859830581525
40,10,3,"rz, ry",circular,80,2700,38,3,5,9,2,136.84850344906783
41,21,3,"rz, rx, ry",circular,252,4400,75,5,6,5,2,138.07973652894898
42,16,5,"ry, rz",circular,192,3200,92,5,4,6,2,145.78328283534648
43,12,5,rz,circular,72,2200,66,3,6,9,2,146.9126475890798
44,10,7,"rz, rx",circular,160,4600,86,4,3,9,2,155.39843819366655
45,17,5,"ry, rx",circular,204,2500,97,2,5,6,2,157.55298828292905
46,13,6,"rz, ry, rx",circular,273,2000,99,2,5,9,2,160.29108312626178
47,13,5,"rz, ry, rx",circular,234,5000,83,4,5,7,2,164.81698923418102
48,22,4,"rz, rx",circular,220,4500,98,3,4,6,2,177.07822706302804
49,14,5,"rx, ry, rz",circular,252,4000,88,5,6,9,2,184.62189321404315
50,11,7,"rx, rz",circular,176,4400,93,5,5,7,2,190.38910118307
51,13,6,ry,circular,91,4300,85,5,5,8,2,201.3036090110681
52,14,4,"rz, ry",circular,140,4000,66,4,3,6,2,203.49145643656274
53,10,5,rz,circular,60,2900,56,5,6,5,2,208.96095157010984
54,10,5,"rx, ry",circular,120,4600,62,4,7,8,2,211.492505103632
55,13,5,ry,circular,78,4300,71,5,5,6,2,216.0627913210673
56,13,6,ry,circular,91,4100,85,3,3,6,2,219.8030633467401
57,14,6,"rz, rx",circular,196,3100,98,4,4,6,2,220.37074967367911
58,15,4,"ry, rx, rz",circular,225,2200,75,5,5,8,2,222.84415919414397
59,15,5,"ry, rz, rx",circular,270,4000,93,4,4,9,2,226.86797211143934
60,13,4,rx,circular,65,1200,57,4,6,9,2,229.5441585168859
61,12,5,ry,circular,72,1600,66,4,5,9,2,237.93502284537033
62,10,8,ry,circular,90,4100,89,2,3,9,2,241.96946914022976
63,13,5,ry,circular,78,3200,71,2,5,5,2,245.09449774250135
64,13,7,rz,circular,104,4600,99,5,3,5,2,251.04274284052246
65,10,6,"rz, ry",circular,140,1200,74,5,3,7,2,256.9498818113651
66,10,7,rz,circular,80,1900,78,5,6,8,2,259.2867462186805
67,12,6,"rx, rz, ry",circular,252,4800,93,4,7,9,2,261.904528495538
68,18,3,"rz, ry, rx",circular,216,2500,66,5,6,8,2,262.527362594732
69,10,8,rx,circular,90,1600,89,5,7,7,2,268.5938787887369
70,11,5,"rz, rx",circular,132,1300,67,2,4,6,2,271.73439702257343
71,15,4,"rx, ry, rz",circular,225,3800,75,2,6,6,2,277.4807217904199
72,12,6,"rz, rx",circular,168,2400,86,3,4,6,2,281.40212669398176
73,19,4,rx,circular,95,1000,81,5,3,7,2,283.7703891865772
74,11,7,"rx, rz",circular,176,3100,93,2,6,5,2,288.7850963694824
75,11,8,rx,circular,99,1400,97,2,6,5,2,289.2200762766477
76,19,4,"rx, ry",circular,190,2500,86,5,6,8,2,293.8850041524228
77,11,7,"rx, rz",circular,176,4200,93,4,4,5,2,295.70512389506405
78,11,6,ry,circular,77,2400,73,3,5,5,2,297.66262299854105
79,12,6,rz,circular,84,4400,79,3,5,9,2,306.33159724471125
80,18,5,rz,circular,108,4400,96,3,6,5,2,307.60642710369217
81,12,5,"ry, rx",circular,144,3700,72,3,7,7,2,309.25293157663117
82,11,6,"ry, rx",circular,154,1400,80,5,6,9,2,314.53888107172884
83,15,4,"rx, rz",circular,150,2400,70,3,5,7,2,317.14611096852985
84,16,5,"rx, ry, rz",circular,288,4000,98,4,3,7,2,317.6161120657185
85,12,5,"rz, rx, ry",circular,216,2400,78,4,3,8,2,317.7142828693615
86,14,6,ry,circular,98,4400,91,5,3,7,2,320.56905129701806
87,15,6,ry,circular,105,4400,97,2,5,5,2,324.3604695974024
88,14,6,ry,circular,98,1800,91,4,5,7,2,324.7763666256369
89,18,5,rx,circular,108,4000,96,2,3,5,2,327.74816647037113
90,12,6,"ry, rx, rz",circular,252,4800,93,3,5,5,2,336.93348474519655
91,11,6,ry,circular,77,4500,73,2,7,7,2,339.9153069556693
92,11,7,"rx, ry",circular,176,2900,93,5,3,7,2,342.54004800652723
93,12,5,"rx, rz, ry",circular,216,3300,78,5,4,8,2,344.5217431619639
94,15,6,rz,circular,105,2400,97,4,4,8,2,344.9205308358081
95,22,4,rx,circular,110,2300,93,3,6,7,2,350.9180153106495
96,11,7,rz,circular,88,2000,85,4,4,9,2,351.5733099676304
97,10,7,rz,circular,80,3600,78,4,6,5,2,354.02366223131133
98,10,6,"rx, rz, ry",circular,210,3600,81,2,4,6,2,364.7838318838735
99,15,5,ry,circular,90,4200,81,5,4,5,2,365.1705829382115
100,14,4,rx,circular,70,3000,61,2,4,5,2,365.7132343029089
101,11,3,"ry, rx",circular,88,4500,41,4,3,5,2,368.9798934881904
102,10,6,"rz, ry",circular,140,2800,74,3,7,6,2,376.14521166117686
103,15,5,"ry, rx, rz",circular,270,1100,93,2,7,5,2,382.85062116820853
104,20,4,"ry, rx",circular,200,4000,90,5,3,8,2,383.1296569354328
105,11,5,"rx, ry, rz",circular,198,4900,73,3,3,7,2,384.8544112570618
106,21,4,"rx, ry, rz",circular,315,3300,99,4,3,9,2,386.0862965124807
107,11,6,rx,circular,77,1200,73,5,3,8,2,391.62858961404237
108,15,5,"rz, rx",circular,180,2500,87,3,4,8,2,391.9077188436948
109,12,3,"ry, rz, rx",circular,144,1000,48,5,6,9,2,392.314499533279
110,10,6,rx,circular,70,3800,67,2,6,6,2,393.9573898951352
111,15,3,"rz, rx",circular,120,1500,53,3,4,7,2,397.9710294826186
112,10,6,rz,circular,70,4800,67,3,4,9,2,401.49942336309795
113,22,4,"rz, rx",circular,220,4100,98,3,4,8,2,402.33572047750465
114,19,4,"rz, ry, rx",circular,285,1800,91,4,4,7,2,403.5901447060097
115,10,6,"rz, ry",circular,140,3400,74,4,7,7,2,406.094324431999
116,24,3,"ry, rx, rz",circular,288,1000,84,2,5,7,2,407.75877838641094
117,18,5,rx,circular,108,4500,96,5,7,7,2,410.21323501188937
118,10,7,"rx, ry, rz",circular,240,1600,94,3,5,7,2,415.6026544225026
119,13,6,"rz, ry",circular,182,4300,92,4,7,7,2,417.8841875547677
120,13,5,"rz, ry",circular,156,1300,77,5,4,7,2,418.63922220204677
121,11,8,ry,circular,99,1600,97,5,4,6,2,419.35082846820717
122,10,7,rz,circular,80,4200,78,3,7,8,2,419.51038790608476
123,12,7,rx,circular,96,4100,92,4,7,5,2,421.02244037918166
124,18,4,"rz, rx",circular,180,1700,82,4,7,8,2,429.47010162846414
125,10,6,"ry, rx, rz",circular,210,1900,81,2,7,5,2,431.07995888986596
126,12,6,"ry, rz",circular,168,2600,86,3,4,5,2,435.2078402802078
127,14,6,"ry, rx",circular,196,2600,98,5,3,5,2,438.0160258216654
128,10,8,"rx, ry",circular,180,3600,98,2,7,9,2,438.27847495763314
129,13,6,ry,circular,91,3300,85,4,3,7,2,438.3846237610009
130,13,5,"rz, rx, ry",circular,234,1200,83,5,7,7,2,439.38966356726263
131,10,6,"rx, ry",circular,140,3300,74,3,7,5,2,440.05498082115
132,14,5,"ry, rx",circular,168,4700,82,5,3,9,2,440.5974710258102
133,13,6,"ry, rx",circular,182,2000,92,3,4,6,2,441.65112542958525
134,10,7,rz,circular,80,3400,78,3,6,9,2,452.841977842726
135,16,5,"rx, ry",circular,192,4000,92,5,7,6,2,454.49246773537266
136,10,7,rz,circular,80,3400,78,3,4,7,2,455.2242421911492
137,10,4,"ry, rx, rz",circular,150,1100,55,3,7,6,2,455.52047577518096
138,13,6,"ry, rx",circular,182,1200,92,5,6,5,2,461.48307664090777
139,13,7,ry,circular,104,3700,99,2,3,5,2,464.63514307909287
140,11,4,"ry, rz, rx",circular,165,2000,59,2,6,6,2,464.9213661292576
141,10,8,rx,circular,90,3100,89,2,4,5,2,465.41498003131034
142,11,7,ry,circular,88,3600,85,5,3,9,2,472.77842948268915
143,13,5,rx,circular,78,1000,71,4,6,5,2,473.8587301553598
144,12,6,ry,circular,84,1600,79,3,7,8,2,477.9796874241107
145,13,6,rx,circular,91,3100,85,5,4,7,2,478.0624819543896
146,12,6,"rz, ry",circular,168,4100,86,3,6,8,2,482.0504143108525
147,15,6,ry,circular,105,4400,97,5,4,8,2,482.76632589096687
148,17,5,"ry, rx",circular,204,3600,97,2,7,9,2,485.6536586334503
149,13,5,ry,circular,78,1800,71,5,3,8,2,487.84364909449783
150,20,4,rx,circular,100,2400,85,4,5,8,2,491.19977951444645
151,12,6,rx,circular,84,2100,79,2,4,9,2,495.039168325123
152,12,6,"ry, rx, rz",circular,252,3300,93,2,6,8,2,495.8270856447607
153,13,3,ry,circular,52,3600,43,2,7,9,2,499.5361215490342
154,13,5,"ry, rz",circular,156,3900,77,2,6,8,2,504.51922020647964
155,12,5,"rz, rx",circular,144,4200,72,2,4,9,2,510.53033196098954
156,15,5,"ry, rx",circular,180,2600,87,3,6,8,2,517.5674031323446
157,13,5,rx,circular,78,3100,71,5,6,5,2,526.1474243756966
158,10,6,rz,circular,70,3000,67,3,6,7,2,528.0024138392624
159,11,6,"ry, rz, rx",circular,231,3000,87,4,7,8,2,532.8227916253393
160,12,3,rx,circular,48,2700,40,5,5,8,2,536.9896066940637
161,10,7,"rz, ry, rx",circular,240,2400,94,2,4,7,2,538.5396004835891
162,14,6,"rx, ry",circular,196,4400,98,5,4,5,2,543.1111254783658
163,12,6,rz,circular,84,4300,79,4,5,5,2,547.2063445684619
164,12,3,rz,circular,48,2700,40,5,4,6,2,548.1087821652337
165,15,3,"rx, ry, rz",circular,180,2200,57,2,4,5,2,549.4611923103931
166,12,5,rz,circular,72,2900,66,5,6,7,2,552.1515004382726
167,18,4,"rz, rx, ry",circular,270,3000,87,2,6,7,2,553.6548783172416
168,12,6,"ry, rx",circular,168,2400,86,3,3,7,2,564.8111725863541
169,12,5,"ry, rx",circular,144,4400,72,3,7,8,2,571.1223109763972
170,10,6,"ry, rx",circular,140,3400,74,5,6,7,2,575.7578119241863
171,10,3,"rx, ry, rz",circular,120,3600,42,3,5,7,2,575.8390759043301
172,11,7,ry,circular,88,4100,85,3,7,9,2,576.8492732915968
173,16,5,rx,circular,96,3800,86,3,5,5,2,580.4538443475
174,21,4,"ry, rx",circular,210,2700,94,3,7,9,2,581.9824118369385
175,15,5,"ry, rx",circular,180,3800,87,4,5,7,2,582.9344652623157
176,13,5,rz,circular,78,3200,71,4,6,5,2,583.1948870880435
177,11,5,"ry, rz, rx",circular,198,1300,73,4,5,6,2,584.9395811052915
178,10,7,"ry, rz",circular,160,1500,86,3,5,6,2,591.1541494043189
179,10,3,"rz, ry",circular,80,1900,38,5,3,5,2,593.6713909907954
180,11,5,ry,circular,66,1000,61,2,4,8,2,594.9558497513957
181,13,6,"ry, rz",circular,182,4100,92,2,5,6,2,596.8473965253735
182,13,5,"rz, ry, rx",circular,234,3600,83,2,3,8,2,596.9205259262278
183,10,6,"rx, rz",circular,140,4800,74,3,3,6,2,603.553703228747
184,16,5,"ry, rz",circular,192,4800,92,4,6,9,2,608.0782185063023
185,11,6,"rz, rx",circular,154,2200,80,5,4,9,2,612.1450486147521
186,11,7,rx,circular,88,1500,85,4,5,8,2,612.3308227784161
187,11,6,ry,circular,77,4200,73,3,3,7,2,617.0727046548801
188,12,5,"ry, rz, rx",circular,216,2500,78,5,5,5,2,617.7834911125778
189,10,7,rx,circular,80,1800,78,4,3,5,2,619.1913281101953
190,16,5,"ry, rx",circular,192,4400,92,2,6,8,2,621.3652345331254
191,10,6,"rx, rz, ry",circular,210,3800,81,5,5,9,2,638.0534914998258
192,14,4,"rx, ry, rz",circular,210,3400,71,2,5,5,2,640.2094356234818
193,13,6,"rz, rx",circular,182,5000,92,2,4,5,2,652.480595267035
194,14,5,"rx, ry, rz",circular,252,4000,88,5,6,8,2,658.8256460939155
195,12,6,rx,circular,84,4800,79,2,4,8,2,660.9131391731981
196,10,6,"ry, rx",circular,140,1900,74,4,3,6,2,669.0235886241991
197,13,7,rx,circular,104,3400,99,3,6,7,2,670.8687453621226
198,12,3,"ry, rx, rz",circular,144,3400,48,2,7,7,2,672.052219020565
199,11,7,ry,circular,88,4700,85,5,4,7,2,674.6480064821596
200,15,6,rz,circular,105,2000,97,5,3,8,2,680.9276089426434
201,17,3,"rz, rx",circular,136,1400,59,5,7,5,2,681.1011242970815
202,12,5,"rx, rz",circular,144,1900,72,3,4,7,2,685.6204709617214
203,15,6,rz,circular,105,2100,97,5,3,7,2,685.8987801138254
204,14,5,"rx, ry, rz",circular,252,2700,88,5,5,6,2,687.2891570732282
205,14,4,rx,circular,70,1400,61,4,5,8,2,687.3827405889867
206,15,5,rz,circular,90,1600,81,5,3,6,2,688.9366271302565
207,12,6,ry,circular,84,3900,79,3,3,5,2,697.260941790541
208,13,5,rx,circular,78,2400,71,4,6,5,2,700.4781679497689
209,10,7,"rx, rz, ry",circular,240,3700,94,2,7,6,2,707.1145431020235
210,12,6,"ry, rz",circular,168,3000,86,5,4,5,2,709.3599137919197
211,11,5,"rz, ry",circular,132,3400,67,2,5,5,2,713.2495752683325
212,14,3,"ry, rx, rz",circular,168,1700,54,3,3,5,2,713.5680368707772
213,10,5,"ry, rz",circular,120,3000,62,3,3,6,2,717.6110948385693
214,14,5,"rz, ry",circular,168,1600,82,5,4,6,2,722.7274202409882
215,16,5,"ry, rz",circular,192,4200,92,3,7,7,2,728.5594823819765
216,10,5,"rx, rz, ry",circular,180,1200,68,2,7,7,2,733.3401055638687
217,12,6,ry,circular,84,3700,79,2,6,6,2,736.2804878242144
218,10,8,rz,circular,90,2300,89,5,4,5,2,739.8579375213981
219,14,6,rx,circular,98,1400,91,4,5,8,2,740.4679815218971
220,25,3,"rx, ry",circular,200,1800,83,2,5,5,2,743.7638361253152
221,19,4,"rx, ry, rz",circular,285,2200,91,4,7,8,2,747.484575900136
222,20,4,"rz, ry",circular,200,3400,90,2,6,5,2,754.9087195361197
223,23,3,"rz, rx",circular,184,3500,77,2,4,7,2,756.8245996479491
224,15,5,"rz, rx",circular,180,3500,87,4,7,9,2,758.1241818659628
225,13,5,"rx, ry",circular,156,4600,77,5,7,9,2,762.2679659835688
226,11,5,"ry, rx",circular,132,3800,67,3,3,9,2,762.4980490502281
227,10,5,"rz, rx",circular,120,3600,62,4,3,6,2,763.1097016890766
228,14,6,rx,circular,98,4500,91,5,5,5,2,768.2269151538127
229,15,5,ry,circular,90,3700,81,2,5,8,2,785.058397085234
230,15,3,"ry, rx",circular,120,2700,53,4,4,7,2,787.3861704806382
231,14,4,"rx, rz",circular,140,1900,66,4,5,7,2,794.4685277498006
232,11,6,"ry, rx, rz",circular,231,3000,87,4,4,6,2,795.711390550942
233,13,6,"rx, rz",circular,182,1700,92,4,6,6,2,796.5493136392614
234,14,6,"rx, ry",circular,196,4200,98,4,7,7,2,804.3121440047568
235,17,5,"rx, rz",circular,204,4600,97,3,5,5,2,804.4087235886881
236,13,7,rx,circular,104,2700,99,5,5,5,2,808.6791676112299
237,10,8,"rx, rz",circular,180,1600,98,3,7,6,2,813.7136390853615
238,15,4,"rz, rx, ry",circular,225,3200,75,4,7,9,2,813.8270898003337
239,11,5,ry,circular,66,1800,61,2,5,9,2,834.789819692851
240,12,6,"rx, rz, ry",circular,252,4300,93,4,7,9,2,838.3266101316369
241,16,5,"ry, rz, rx",circular,288,3700,98,5,5,5,2,839.5251590054199
242,11,5,"rz, ry",circular,132,2000,67,2,7,5,2,839.5316436745578
243,10,6,ry,circular,70,1000,67,4,5,6,2,842.2141107252303
244,12,7,rz,circular,96,4200,92,2,6,9,2,848.5127034009702
245,10,7,"rz, ry, rx",circular,240,1100,94,5,6,7,2,850.440468510674
246,14,5,rx,circular,84,1200,76,3,5,8,2,858.7262090796878
247,14,5,"rx, rz",circular,168,1400,82,4,4,6,2,858.9565002455835
248,13,6,"rx, ry",circular,182,3400,92,5,7,9,2,860.3638326069978
249,13,7,ry,circular,104,3700,99,2,5,7,2,867.3292771289613
250,17,5,"ry, rz",circular,204,1300,97,4,6,5,2,879.2762131561502
251,11,5,"rx, ry, rz",circular,198,3100,73,2,6,7,2,886.2820490090777
252,18,4,"rz, ry",circular,180,4900,82,4,7,8,2,892.8896721717867
253,12,5,ry,circular,72,2800,66,4,3,6,2,892.9660429070802
254,11,7,rz,circular,88,2100,85,4,4,8,2,896.0517268990795
255,11,6,"ry, rx",circular,154,4300,80,5,7,9,2,896.0725818102424
256,10,7,rz,circular,80,1600,78,2,4,5,2,897.1101707878346
257,11,6,ry,circular,77,1100,73,4,3,5,2,903.2297357177882
258,13,5,"rx, rz",circular,156,2300,77,4,6,7,2,913.3208752603123
259,17,5,"ry, rz",circular,204,2300,97,4,3,5,2,914.7091159167619
260,10,5,ry,circular,60,3100,56,2,3,7,2,915.2907148414528
261,12,6,"rz, ry",circular,168,2600,86,4,6,8,2,916.7027445335563
262,15,6,rz,circular,105,3200,97,5,3,9,2,928.4421043581614
263,16,5,rz,circular,96,5000,86,4,3,9,2,929.3599944192032
264,19,4,ry,circular,95,4900,81,2,4,8,2,933.2128897719019
265,18,4,ry,circular,90,2500,77,3,5,8,2,936.239313909455
266,16,4,"rx, ry, rz",circular,240,3600,79,2,4,9,2,939.4678980283794
267,10,7,"rx, rz, ry",circular,240,2200,94,2,7,9,2,941.3841887954273
268,13,6,"ry, rx",circular,182,3800,92,4,4,7,2,959.977091283661
269,23,3,"ry, rz, rx",circular,276,1800,81,3,3,7,2,965.2790516391932
270,10,5,ry,circular,60,3200,56,4,3,8,2,973.1357055343876
271,10,6,"rz, rx, ry",circular,210,1900,81,2,7,7,2,973.9376764919152
272,13,5,"rx, rz",circular,156,3600,77,4,6,6,2,976.9510041042945
273,13,6,rx,circular,91,2500,85,2,5,6,2,979.8773417461738
274,16,5,ry,circular,96,1400,86,3,7,6,2,980.6145118584619
275,12,3,"rz, rx, ry",circular,144,1700,48,3,4,5,2,982.5752885204184
276,15,4,"rz, ry, rx",circular,225,1900,75,5,3,5,2,990.0391937602476
277,12,5,"rx, ry, rz",circular,216,3800,78,2,4,7,2,990.7078057941189
278,17,5,"rz, rx",circular,204,4200,97,2,7,5,2,992.0740194412475
279,10,5,"rz, ry",circular,120,1100,62,4,7,8,2,994.62676260099
280,13,6,"ry, rz, rx",circular,273,3100,99,5,4,7,2,1000.1354868507813
281,13,4,"rx, ry",circular,130,3900,62,5,7,5,2,1001.168105666745
282,14,5,"ry, rz, rx",circular,252,4800,88,3,5,6,2,1001.3683406956251
283,10,8,"rz, rx",circular,180,1900,98,2,5,7,2,1002.8086482424437
284,17,5,"ry, rx",circular,204,3600,97,4,5,7,2,1005.1437211606432
285,10,6,"rx, rz, ry",circular,210,1400,81,5,6,6,2,1020.136132875354
286,13,5,"rz, rx",circular,156,4800,77,2,7,8,2,1020.3824182036153
287,10,5,ry,circular,60,2900,56,2,7,8,2,1023.4208669795904
288,16,4,"rx, ry, rz",circular,240,2700,79,5,3,6,2,1025.6242849839296
289,15,5,rx,circular,90,4500,81,2,3,7,2,1027.1092755635182
290,13,4,rx,circular,65,5000,57,3,6,5,2,1031.7693595126727
291,12,6,rx,circular,84,3000,79,5,4,9,2,1037.2690255460066
292,18,3,"rz, rx",circular,144,2300,62,4,3,7,2,1042.2957083518488
293,12,7,rz,circular,96,3900,92,2,4,5,2,1045.1849339145733
294,17,4,ry,circular,85,1400,73,2,4,9,2,1046.517524726107
295,10,6,rx,circular,70,3600,67,4,6,6,2,1046.6086121702238
296,11,6,rx,circular,77,4800,73,5,3,5,2,1050.4886202731439
297,11,5,"ry, rz, rx",circular,198,3100,73,5,6,8,2,1051.6717651067156
298,13,5,"ry, rx",circular,156,4800,77,5,3,9,2,1052.00425609951
299,17,5,rz,circular,102,2800,91,5,7,7,2,1054.539222967902
300,14,6,rx,circular,98,3400,91,3,7,6,2,1055.7351557494499
301,13,5,rz,circular,78,4000,71,2,7,7,2,1061.2295770163128
302,11,5,ry,circular,66,2400,61,3,4,5,2,1063.2141764744065
303,23,3,rz,circular,92,1500,73,2,6,5,2,1066.038735939486
304,15,5,"rx, ry, rz",circular,270,3900,93,4,6,8,2,1066.7130011289482
305,16,5,rx,circular,96,2600,86,3,6,6,2,1068.2215874256963
306,10,5,"rx, rz",circular,120,1200,62,2,7,8,2,1068.4764316222402
307,11,7,"rz, rx",circular,176,1000,93,4,6,8,2,1069.1107568007078
308,15,6,ry,circular,105,4900,97,5,5,5,2,1069.1431516434814
309,14,6,rz,circular,98,4500,91,5,6,7,2,1072.2476745164
310,12,6,"rz, ry",circular,168,4900,86,4,6,7,2,1075.7397914916007
311,22,4,rx,circular,110,1400,93,5,5,6,2,1078.5887586920649
312,17,5,"rz, ry",circular,204,3500,97,3,3,9,2,1081.5998343307756
313,13,7,rz,circular,104,2800,99,2,4,6,2,1083.2485024546304
314,12,5,"rz, ry",circular,144,2000,72,5,5,5,2,1088.9411701022968
315,18,5,rx,circular,108,1500,96,2,6,8,2,1093.6866314163597
316,11,5,"ry, rz, rx",circular,198,2100,73,5,4,8,2,1095.70665671292
317,11,5,rx,circular,66,1600,61,5,4,8,2,1098.1689050480943
318,17,3,rx,circular,68,4200,55,4,6,9,2,1103.4030641633112
319,12,7,rx,circular,96,1000,92,4,6,9,2,1103.718880410571
320,10,8,rx,circular,90,2400,89,5,7,5,2,1107.4132488491384
321,10,6,rx,circular,70,3700,67,5,5,9,2,1108.144183526448
322,12,3,"rz, ry",circular,96,3300,44,5,4,6,2,1115.5924860740556
323,13,6,"ry, rx",circular,182,2500,92,4,4,7,2,1118.5265854236336
324,15,4,"rz, ry",circular,150,1400,70,2,4,8,2,1119.4916077186197
325,16,5,"rz, ry, rx",circular,288,1800,98,2,4,7,2,1120.689950751644
326,10,7,"rx, ry, rz",circular,240,1700,94,3,3,7,2,1121.0717806522734
327,15,5,"ry, rz, rx",circular,270,4700,93,3,7,6,2,1125.9481591784267
328,12,6,"ry, rx, rz",circular,252,4400,93,2,4,6,2,1130.5261360619693
329,11,7,"rx, ry",circular,176,2700,93,2,6,7,2,1132.2327969423725
330,12,6,ry,circular,84,1300,79,3,4,9,2,1138.2733269975836
331,24,3,rz,circular,96,2500,76,5,5,9,2,1138.9930039591952
332,18,5,ry,circular,108,4700,96,3,3,8,2,1141.4499339460401
333,16,5,"rx, rz",circular,192,4300,92,3,3,7,2,1142.7766555686387
334,10,6,"ry, rx, rz",circular,210,4600,81,2,6,7,2,1146.4688300394027
335,22,4,"ry, rz",circular,220,1600,98,3,5,5,2,1147.9605086507866
336,12,5,"ry, rz",circular,144,2800,72,2,5,6,2,1152.7753732471301
337,22,4,ry,circular,110,1400,93,4,6,6,2,1153.2055705762186
338,10,6,"ry, rz, rx",circular,210,4600,81,2,3,7,2,1154.6748371424637
339,15,5,ry,circular,90,3600,81,2,3,8,2,1158.8493958760305
340,10,5,ry,circular,60,1700,56,3,4,9,2,1170.7834837175199
341,10,6,ry,circular,70,1600,67,2,7,9,2,1171.1247939210796
342,12,6,ry,circular,84,2800,79,4,3,6,2,1172.164772038969
343,10,5,"ry, rx, rz",circular,180,4000,68,2,5,6,2,1179.16641697784
344,17,5,"ry, rz",circular,204,1500,97,5,5,7,2,1182.063145861468
345,14,5,"rz, rx, ry",circular,252,4300,88,2,4,7,2,1184.3477305185663
346,16,3,"rx, ry, rz",circular,192,4700,60,5,6,7,2,1188.5125334315535
347,14,6,rz,circular,98,2300,91,2,6,8,2,1190.1866392941358
348,10,6,"rx, rz",circular,140,2500,74,2,6,9,2,1190.88053570885
349,12,4,"rx, ry",circular,120,2200,58,2,6,7,2,1191.526318530346
350,16,5,"rz, rx, ry",circular,288,3400,98,2,4,6,2,1200.647460798608
351,10,7,"rx, rz, ry",circular,240,3000,94,4,4,6,2,1202.0817370371967
352,10,8,"rx, ry",circular,180,1800,98,5,6,7,2,1203.4487244373206
353,11,7,"rx, rz",circular,176,4800,93,5,3,6,2,1206.5891335399228
354,12,7,rx,circular,96,4500,92,4,3,8,2,1215.1466873792735
355,11,7,"rz, ry",circular,176,4100,93,5,7,7,2,1219.8478456560827
356,11,7,rz,circular,88,3600,85,3,6,7,2,1222.6428363065615
357,14,6,ry,circular,98,4200,91,3,4,8,2,1225.2413627438834
358,16,5,"rx, ry",circular,192,4400,92,5,4,6,2,1228.5868913514787
359,11,6,"ry, rx, rz",circular,231,3700,87,3,3,5,2,1229.8082509095145
360,12,6,"rz, rx",circular,168,1000,86,3,3,6,2,1234.8373565343522
361,14,5,"rz, ry",circular,168,4700,82,4,4,8,2,1235.3860265185947
362,13,5,rz,circular,78,2200,71,3,5,7,2,1236.5588254443308
363,17,4,rz,circular,85,3800,73,2,5,7,2,1239.6700289926
364,12,6,ry,circular,84,3000,79,4,4,7,2,1240.2009797238607
365,11,6,rz,circular,77,1900,73,2,3,8,2,1242.6750392021477
366,13,5,"rz, ry",circular,156,2300,77,5,6,9,2,1244.5259401913356
367,12,3,rz,circular,48,2300,40,5,6,9,2,1252.273049957036
368,15,5,"rz, rx",circular,180,3400,87,3,4,6,2,1258.203149530399
369,10,7,"rx, rz, ry",circular,240,4000,94,5,3,6,2,1267.1748348985932
370,10,5,"rx, ry, rz",circular,180,3700,68,5,4,8,2,1277.2201446692957
371,13,5,"ry, rz",circular,156,4500,77,3,3,9,2,1286.6744815047348
372,15,5,"rz, ry",circular,180,1100,87,3,5,8,2,1293.4331386787296
373,16,5,"rx, ry, rz",circular,288,4300,98,5,5,6,2,1295.5011919778897
374,14,4,ry,circular,70,1600,61,4,3,7,2,1296.4633194487512
375,10,4,rz,circular,50,4500,45,4,6,5,2,1298.887648329623
376,13,6,ry,circular,91,1000,85,3,5,9,2,1299.8252495230847
377,10,8,"rz, ry",circular,180,4100,98,4,6,6,2,1301.0096989051717
378,13,7,rx,circular,104,4300,99,3,6,7,2,1319.0856626208656
379,14,6,ry,circular,98,2100,91,3,3,9,2,1321.7920921841885
380,13,6,rz,circular,91,4700,85,4,6,5,2,1325.5901030277155
381,11,6,"rz, ry",circular,154,4600,80,4,3,7,2,1327.3434701551823
382,22,3,rz,circular,88,2300,70,4,3,7,2,1330.3114561920502
383,10,7,"ry, rz, rx",circular,240,1500,94,3,6,9,2,1334.159094445323
384,21,4,rz,circular,105,3400,89,3,7,9,2,1339.3490888892345
385,19,4,"rx, ry, rz",circular,285,1500,91,4,6,7,2,1347.2728256706807
386,10,8,ry,circular,90,2500,89,4,4,6,2,1350.0948309723237
387,14,4,"rz, ry",circular,140,3500,66,3,7,6,2,1353.53226376195
388,20,4,"ry, rz, rx",circular,300,2700,95,2,6,9,2,1356.7491823371126
389,10,7,"rx, ry, rz",circular,240,2800,94,2,4,8,2,1357.1975983772302
390,15,5,ry,circular,90,1700,81,2,4,5,2,1362.5351957645714
391,15,6,rz,circular,105,3200,97,2,6,6,2,1368.2965279678376
392,24,3,rz,circular,96,3600,76,2,6,9,2,1368.7839562604884
393,17,4,ry,circular,85,3100,73,4,4,7,2,1369.4919171929498
394,23,4,ry,circular,115,1600,97,4,3,8,2,1370.3223427357502
395,10,7,rx,circular,80,2800,78,3,7,8,2,1371.086323078812
396,11,6,"ry, rz",circular,154,3900,80,3,6,5,2,1371.5729558058526
397,16,5,"ry, rz",circular,192,2400,92,3,5,7,2,1373.8905292159232
398,12,6,ry,circular,84,4300,79,4,5,9,2,1378.4277158702705
399,11,5,"rx, ry, rz",circular,198,3500,73,3,6,7,2,1385.3765484573732
400,14,5,"rz, rx",circular,168,2200,82,2,3,9,2,1386.7088550144556
401,13,6,"ry, rz, rx",circular,273,1700,99,4,3,6,2,1387.0402753178964
402,11,6,rz,circular,77,1300,73,2,6,5,2,1388.5330479759732
403,14,6,rx,circular,98,1000,91,3,7,8,2,1390.6258475090144
404,17,4,"ry, rx, rz",circular,255,2500,83,2,5,5,2,1393.8210809048173
405,14,3,"rx, rz",circular,112,1400,50,5,5,6,2,1395.0827469931878
406,19,3,rz,circular,76,3200,61,4,6,7,2,1397.8748083519436
407,16,5,"rx, rz, ry",circular,288,3500,98,4,5,7,2,1401.9513350606594
408,10,7,rz,circular,80,3300,78,5,3,8,2,1403.5905976708582
409,14,6,"rx, rz",circular,196,4700,98,5,3,6,2,1406.5028545654527
410,20,4,"ry, rx",circular,200,3900,90,3,6,5,2,1406.8189537168987
411,15,6,rz,circular,105,4600,97,3,3,7,2,1410.0586235296867
412,10,7,"rz, ry, rx",circular,240,1500,94,2,5,8,2,1410.1920534014303
413,11,6,rx,circular,77,3000,73,4,3,9,2,1411.9065228622962
414,13,6,"ry, rz, rx",circular,273,2100,99,5,4,9,2,1415.7537832610744
415,20,4,ry,circular,100,2500,85,2,7,8,2,1417.8451318566317
416,12,7,ry,circular,96,1000,92,3,3,7,2,1419.760893573501
417,13,4,"ry, rx",circular,130,1500,62,5,4,5,2,1420.8306366932077
418,15,5,rz,circular,90,4700,81,2,6,8,2,1420.9559188244273
419,16,5,rx,circular,96,3800,86,3,6,6,2,1427.6861543021034
420,13,5,ry,circular,78,4600,71,3,4,5,2,1428.216282061978
421,11,8,rx,circular,99,4800,97,4,3,9,2,1433.7000718623985
422,13,4,"rx, ry",circular,130,3200,62,3,6,7,2,1437.4673084132614
423,11,4,rx,circular,55,4200,49,3,5,6,2,1439.3433546933654
424,14,6,"rz, ry",circular,196,2900,98,3,6,8,2,1444.735519930815
425,12,5,rz,circular,72,3500,66,2,3,6,2,1444.9796403257126
426,18,5,rz,circular,108,1100,96,4,7,9,2,1446.7841909879967
427,12,5,rz,circular,72,2600,66,2,3,6,2,1448.2400263839208
428,13,7,rz,circular,104,2500,99,2,3,7,2,1458.318771767298
429,15,6,rx,circular,105,1900,97,4,4,6,2,1463.267257836487
430,10,7,ry,circular,80,4700,78,2,4,7,2,1463.67109568047
431,11,5,"rx, ry",circular,132,3600,67,4,5,6,2,1471.6042096460885
432,13,6,ry,circular,91,2000,85,2,3,8,2,1475.3959445553062
433,12,6,"rz, rx, ry",circular,252,2800,93,5,4,8,2,1476.0705415929508
434,12,4,ry,circular,60,4400,53,4,6,5,2,1477.581085202016
435,11,5,"rx, rz, ry",circular,198,3700,73,4,3,9,2,1481.6508910318194
436,19,4,"ry, rz, rx",circular,285,4000,91,4,3,5,2,1484.9263916583704
437,13,5,"ry, rz",circular,156,3000,77,3,3,6,2,1485.3009794809668
438,15,4,rx,circular,75,2200,65,3,3,9,2,1486.3563810846138
439,11,6,ry,circular,77,4600,73,4,3,9,2,1486.5678624706393
440,11,6,rz,circular,77,2200,73,4,7,6,2,1487.4050282270014
441,12,7,rx,circular,96,2100,92,4,3,8,2,1488.7531405871498
442,14,5,ry,circular,84,1700,76,3,7,6,2,1490.0683007442947
443,11,7,rx,circular,88,5000,85,5,4,5,2,1490.2395736747535
444,17,4,"rz, rx",circular,170,1000,78,3,5,8,2,1493.4121085584122
445,14,5,"rx, rz, ry",circular,252,3000,88,4,5,6,2,1497.0411162342616
446,11,7,"rz, ry",circular,176,2500,93,4,4,7,2,1498.9505794372787
447,10,6,"rx, rz",circular,140,2000,74,3,3,6,2,1505.1844163403025
448,12,6,rz,circular,84,2600,79,2,6,7,2,1510.4669036647456
449,17,5,"rz, rx",circular,204,1000,97,2,3,6,2,1514.6871217367511
450,10,7,ry,circular,80,3900,78,3,7,8,2,1514.8080113136887
451,14,6,"rx, ry",circular,196,3100,98,5,7,7,2,1518.3311690338426
452,19,3,"ry, rx",circular,152,4300,65,4,5,5,2,1525.0489560203446
453,14,5,"rx, ry, rz",circular,252,2700,88,4,6,6,2,1532.8794744087365
454,15,5,"ry, rz",circular,180,2800,87,5,4,9,2,1535.557350409458
455,14,4,"rx, rz",circular,140,4200,66,4,3,5,2,1538.6954327967758
456,12,5,"rz, rx",circular,144,4800,72,3,4,5,2,1541.571180034837
457,17,5,"rz, ry",circular,204,3200,97,4,3,8,2,1554.3079384587643
458,12,6,"rx, ry",circular,168,2500,86,5,6,8,2,1558.5063744853646
459,11,4,"rz, ry",circular,110,3600,54,2,3,5,2,1566.4059362596292
460,11,7,rx,circular,88,4800,85,5,3,9,2,1569.7768360244313
461,12,7,ry,circular,96,3600,92,5,7,8,2,1571.3664855927686
462,16,4,ry,circular,80,3100,69,4,3,8,2,1579.8524633788868
463,15,5,ry,circular,90,3700,81,5,3,7,2,1582.4337439555281
464,16,4,"ry, rz, rx",circular,240,2600,79,5,5,8,2,1582.6352674154027
465,17,5,"ry, rx",circular,204,4700,97,5,5,9,2,1583.5919639095887
466,11,3,"rx, ry",circular,88,1300,41,2,3,9,2,1589.5824096537742
467,13,5,rx,circular,78,3500,71,3,4,9,2,1592.400639801209
468,14,5,"ry, rx, rz",circular,252,1700,88,5,4,8,2,1597.2091975412868
469,10,5,rx,circular,60,2700,56,2,3,8,2,1599.7474670157526
470,14,6,ry,circular,98,2500,91,2,3,9,2,1603.0996277406593
471,18,5,rz,circular,108,2900,96,3,6,7,2,1605.312176366996
472,11,6,"rx, rz",circular,154,4500,80,4,4,7,2,1607.221337773098
473,15,6,rz,circular,105,2300,97,5,7,8,2,1613.0960358460125
474,14,5,ry,circular,84,3700,76,3,5,8,2,1623.203021757809
475,10,3,"rx, ry",circular,80,1300,38,2,6,7,2,1625.1548188606475
476,13,5,"rz, ry, rx",circular,234,2500,83,2,5,8,2,1637.7301296760024
477,12,3,"rx, ry, rz",circular,144,1200,48,3,7,7,2,1646.3525209229847
478,11,6,"rx, ry, rz",circular,231,3000,87,3,6,6,2,1647.0213374885186
479,10,6,"rz, rx, ry",circular,210,3600,81,2,7,6,2,1647.736344330093
480,11,7,rz,circular,88,4100,85,3,7,9,2,1648.3969678342883
481,13,5,"rx, ry",circular,156,2100,77,5,5,5,2,1656.3975732529714
482,10,6,ry,circular,70,2600,67,4,6,5,2,1659.0888100534175
483,11,6,"rx, rz, ry",circular,231,1700,87,4,5,8,2,1667.3138020375768
484,10,7,"rx, ry",circular,160,1000,86,5,3,8,2,1668.7600393097118
485,10,8,rz,circular,90,4700,89,2,4,7,2,1669.6409541826733
486,14,6,"rz, ry",circular,196,3700,98,4,4,9,2,1671.0344166415962
487,13,6,"rx, ry",circular,182,4200,92,5,3,9,2,1673.502840919735
488,16,3,"rz, rx, ry",circular,192,3900,60,4,4,9,2,1674.1432331744513
489,11,7,"ry, rz",circular,176,2100,93,2,5,9,2,1676.203983086217
490,21,3,ry,circular,84,2400,67,3,3,5,2,1685.216425657895
491,14,6,rx,circular,98,3600,91,2,4,6,2,1688.0064969647613
492,10,8,"rz, rx",circular,180,3600,98,4,5,5,2,1688.6572376889399
493,10,6,rz,circular,70,3200,67,2,5,5,2,1691.6331745138505
494,11,4,"ry, rz",circular,110,1600,54,3,3,6,2,1693.224213497645
495,11,5,"rz, ry, rx",circular,198,1800,73,4,4,7,2,1694.530030930504
496,10,7,"ry, rx",circular,160,3300,86,2,3,7,2,1696.0339995150282
497,10,6,"rz, rx, ry",circular,210,1800,81,5,3,7,2,1699.561183322427
498,10,8,ry,circular,90,2900,89,2,5,7,2,1700.8805796470488
499,10,6,ry,circular,70,1700,67,5,3,7,2,1704.7988240622917
500,14,5,ry,circular,84,1900,76,3,3,9,2,1705.0725634439327
501,18,4,"ry, rz",circular,180,1200,82,2,6,8,2,1709.9485940467073
502,12,5,"rx, ry",circular,144,2200,72,4,5,5,2,1716.4455861302363
503,12,5,rz,circular,72,3700,66,5,7,7,2,1718.8719280803116
504,11,7,ry,circular,88,2700,85,4,4,9,2,1720.636097978996
505,13,5,ry,circular,78,3200,71,5,6,7,2,1723.4417373950164
506,11,6,"ry, rx",circular,154,4400,80,3,5,8,2,1726.363720048322
507,10,3,"ry, rz, rx",circular,120,3100,42,2,3,7,2,1730.0149903995734
508,10,6,"rx, rz, ry",circular,210,4700,81,2,3,8,2,1730.4804415155468
509,10,6,"ry, rx",circular,140,1000,74,4,4,5,2,1731.7799599388234
510,11,7,rx,circular,88,2500,85,4,7,6,2,1732.6714447985253
511,10,7,"ry, rz",circular,160,2500,86,4,4,9,2,1734.5501621302021
512,11,6,rx,circular,77,1000,73,4,6,8,2,1736.6475679089403
513,11,7,rx,circular,88,3300,85,3,6,7,2,1738.0524163861928
514,12,6,ry,circular,84,4300,79,4,3,5,2,1738.4711530536488
515,13,4,"rz, rx, ry",circular,195,3800,67,4,6,6,2,1738.8408038869643
516,15,4,"ry, rz",circular,150,2700,70,5,3,8,2,1743.8123680282888
517,11,6,"ry, rx, rz",circular,231,4800,87,2,7,7,2,1745.1744313736185
518,17,5,rz,circular,102,2800,91,3,7,5,2,1757.7834963991957
519,13,5,"rz, ry, rx",circular,234,2300,83,2,7,5,2,1760.6745443638663
520,18,5,rx,circular,108,4300,96,5,3,7,2,1763.2474648789064
521,11,6,"rz, ry, rx",circular,231,1300,87,3,7,9,2,1765.7884768797835
522,10,5,ry,circular,60,2800,56,3,5,5,2,1766.6458914310126
523,15,5,ry,circular,90,4700,81,3,3,8,2,1772.9799227804588
524,12,7,rx,circular,96,4800,92,4,7,8,2,1784.268198217193
525,10,6,"ry, rx, rz",circular,210,1400,81,3,4,6,2,1785.590909905335
526,11,4,"rz, rx",circular,110,4100,54,4,5,5,2,1787.1615142226888
527,11,5,"rz, rx, ry",circular,198,1700,73,3,6,9,2,1789.476202541099
528,11,8,rz,circular,99,4400,97,2,5,6,2,1790.2209036495356
529,10,6,ry,circular,70,2700,67,3,3,9,2,1793.3667009423355
530,10,8,"ry, rz",circular,180,1400,98,4,5,9,2,1795.4824157851995
531,14,6,"rz, ry",circular,196,1100,98,3,5,9,2,1797.6546548957417
532,15,5,"rx, rz",circular,180,2200,87,3,6,6,2,1802.893119700753
533,14,6,"rz, rx",circular,196,3800,98,4,6,8,2,1807.080439783287
534,11,6,ry,circular,77,3500,73,4,3,7,2,1808.5978483118784
535,13,3,"rx, rz, ry",circular,156,2400,51,2,3,6,2,1808.780542598812
536,11,6,"ry, rz, rx",circular,231,2900,87,3,4,8,2,1811.9668687671715
537,10,5,"rx, ry, rz",circular,180,2500,68,4,3,5,2,1812.7658162809457
538,22,4,"ry, rz",circular,220,1600,98,5,4,5,2,1816.0138066872205
539,20,3,"rz, rx",circular,160,4300,68,3,5,8,2,1817.1747674670312
540,10,8,"rz, ry",circular,180,1300,98,5,6,5,2,1817.83624858667
541,13,4,"rz, ry, rx",circular,195,4700,67,4,4,5,2,1822.4140576710088
542,16,4,"rz, ry",circular,160,3900,74,5,6,6,2,1828.575724428431
543,15,4,"rz, ry",circular,150,1600,70,4,6,5,2,1830.140254328067
544,14,5,rx,circular,84,1100,76,3,3,7,2,1831.8959436945747
545,14,5,ry,circular,84,3700,76,2,5,5,2,1834.8157233851741
546,10,4,"ry, rz, rx",circular,150,1000,55,4,4,7,2,1836.8414505659211
547,13,5,"rz, rx, ry",circular,234,2000,83,5,5,6,2,1837.366699546696
548,11,5,"rz, rx",circular,132,3500,67,5,3,9,2,1838.0249050832244
549,11,7,"rx, ry",circular,176,2500,93,3,3,5,2,1847.798432379416
550,11,5,ry,circular,66,3000,61,5,3,7,2,1852.0256340002088
551,12,7,ry,circular,96,2900,92,5,3,8,2,1852.6025553422403
552,10,5,"rx, ry, rz",circular,180,4100,68,2,7,7,2,1853.1238604385182
553,15,5,"rx, rz, ry",circular,270,1300,93,2,3,9,2,1858.3649008761647
554,15,6,ry,circular,105,1500,97,5,3,9,2,1860.4614490700383
555,12,4,"rx, rz",circular,120,2100,58,3,4,9,2,1874.5631088821294
556,12,6,"ry, rx, rz",circular,252,2200,93,4,3,6,2,1875.4771664710347
557,16,5,"rx, rz",circular,192,1100,92,5,3,8,2,1881.1301870272953
558,12,6,"rz, rx",circular,168,2300,86,5,7,7,2,1883.81710670729
559,13,4,rx,circular,65,3200,57,3,6,8,2,1885.7241877957063
560,19,4,"rz, ry, rx",circular,285,4500,91,5,4,7,2,1887.3624057682691
561,12,6,ry,circular,84,3700,79,4,3,6,2,1891.722278086103
562,13,3,"rx, ry",circular,104,4800,47,3,3,8,2,1892.7390741432353
563,14,5,"rz, ry",circular,168,3300,82,5,4,9,2,1892.8866504028965
564,19,4,"rx, rz, ry",circular,285,3700,91,5,4,6,2,1893.5396720293274
565,21,4,"ry, rz",circular,210,3500,94,4,3,9,2,1902.379220287492
566,12,7,rx,circular,96,4600,92,2,6,6,2,1914.6932610169035
567,22,4,rz,circular,110,1200,93,3,4,5,2,1916.0492746262908
568,16,5,"rx, ry, rz",circular,288,4700,98,3,4,8,2,1922.6093199640918
569,12,5,rz,circular,72,3300,66,3,6,5,2,1924.2974769552645
570,14,5,"ry, rx",circular,168,4500,82,3,3,7,2,1926.424670248249
571,15,4,"ry, rx, rz",circular,225,1800,75,3,7,5,2,1927.2272953272131
572,23,4,ry,circular,115,4400,97,2,3,6,2,1929.53368461248
573,20,4,rx,circular,100,1300,85,2,5,5,2,1934.766936715586
574,15,6,rx,circular,105,4000,97,3,7,8,2,1935.046999635284
575,11,6,"rx, ry, rz",circular,231,1400,87,4,6,7,2,1940.0749996009772
576,13,6,"rx, ry, rz",circular,273,4500,99,3,7,9,2,1942.3329834868844
577,12,6,"ry, rz, rx",circular,252,2000,93,5,4,7,2,1946.9470204083575
578,13,5,"ry, rx, rz",circular,234,1700,83,4,5,8,2,1954.2731359848299
579,11,5,ry,circular,66,4000,61,2,5,5,2,1955.1109250143618
580,10,5,"ry, rz, rx",circular,180,3500,68,2,3,9,2,1955.374277491287
581,15,6,rx,circular,105,3700,97,5,6,9,2,1956.979787791061
582,13,6,"rz, ry, rx",circular,273,3500,99,2,5,7,2,1958.7232586718737
583,11,5,ry,circular,66,1100,61,2,4,9,2,1960.692834849725
584,10,7,"rx, rz",circular,160,3800,86,4,7,9,2,1962.9201698981583
585,15,5,rx,circular,90,2700,81,4,5,5,2,1963.3717613319823
586,15,3,rx,circular,60,3200,49,4,5,7,2,1968.0952913337117
587,15,5,"ry, rx",circular,180,2500,87,4,3,7,2,1968.7949258147387
588,13,6,"rz, ry, rx",circular,273,1400,99,3,3,9,2,1995.418337174738
589,14,5,ry,circular,84,4700,76,2,6,8,2,1995.9726661195434
590,18,4,ry,circular,90,3000,77,5,7,9,2,1996.730027410182
591,11,4,"ry, rx, rz",circular,165,1100,59,4,3,5,2,1997.4190446698851
592,21,3,rz,circular,84,4200,67,2,5,9,2,1999.8099499815248
593,10,5,"rx, ry, rz",circular,180,5000,68,5,7,5,2,2005.0016126669861
594,12,4,rx,circular,60,1800,53,2,4,6,2,2005.4566868831253
595,10,5,rz,circular,60,2500,56,5,5,8,2,2013.2694877443287
596,14,4,"rx, ry",circular,140,1800,66,2,5,6,2,2013.897420321447
597,10,7,rx,circular,80,2900,78,2,3,6,2,2015.86348406638
598,10,5,"rz, rx, ry",circular,180,3200,68,3,5,6,2,2016.0407015970134
599,11,5,rx,circular,66,3800,61,4,3,5,2,2020.2947875375496
600,15,3,rx,circular,60,1500,49,2,3,8,2,2027.0809669285109
601,11,7,"ry, rx",circular,176,2800,93,5,4,7,2,2031.1108922029553
602,11,6,ry,circular,77,3000,73,3,6,5,2,2032.58751239562
603,12,5,"ry, rx",circular,144,4400,72,5,5,5,2,2033.6128779621347
604,15,4,"ry, rx, rz",circular,225,4800,75,2,6,9,2,2034.3318069248724
605,12,7,ry,circular,96,3100,92,2,4,6,2,2040.66746110348
606,12,6,ry,circular,84,2100,79,2,6,7,2,2043.2728820577845
607,12,7,rx,circular,96,1500,92,4,6,5,2,2043.7413516800784
608,10,7,"ry, rx",circular,160,3100,86,5,5,6,2,2047.2813081516736
609,13,6,"rx, rz",circular,182,4600,92,3,6,5,2,2056.3646506091436
610,11,5,"ry, rz",circular,132,1000,67,5,4,5,2,2058.0617078192104
611,11,7,"rz, ry",circular,176,3200,93,2,5,8,2,2061.657621119534
612,19,4,ry,circular,95,2600,81,2,4,9,2,2062.1627741663974
613,10,6,rx,circular,70,3600,67,3,6,9,2,2063.109738778267
614,10,7,"ry, rx",circular,160,1800,86,2,4,9,2,2064.4184305591352
615,17,5,"ry, rz",circular,204,1500,97,2,7,5,2,2069.4841067692873
616,19,4,"rx, rz",circular,190,4600,86,4,3,9,2,2071.498260738785
617,13,5,"rx, ry",circular,156,2900,77,2,6,7,2,2073.5922587723844
618,10,7,"rz, ry",circular,160,4300,86,3,4,6,2,2074.9678033051478
619,20,4,"rz, rx",circular,200,4100,90,2,3,6,2,2075.760379175737
620,16,5,"rz, rx",circular,192,3000,92,4,5,7,2,2075.9017959388716
621,15,6,ry,circular,105,1700,97,5,7,8,2,2079.8795779891075
622,11,7,"rx, rz",circular,176,5000,93,3,7,8,2,2082.494134593327
623,14,6,ry,circular,98,1400,91,3,4,9,2,2095.141412784267
624,13,5,"rz, ry, rx",circular,234,1200,83,2,3,7,2,2104.195673280062
625,22,3,"rz, rx, ry",circular,264,2200,78,3,6,9,2,2104.302985696417
626,10,7,"rx, ry, rz",circular,240,1200,94,3,4,7,2,2105.7891374761193
627,13,3,"rz, rx",circular,104,3200,47,3,6,8,2,2110.5744268727503
628,12,7,rx,circular,96,3300,92,3,4,8,2,2116.127367180689
629,10,6,"rx, ry",circular,140,1300,74,4,7,9,2,2118.531297464597
630,14,5,ry,circular,84,3400,76,4,6,7,2,2121.407591548899
631,17,5,rz,circular,102,3000,91,2,3,8,2,2137.2214829034515
632,10,8,"rz, ry",circular,180,4100,98,5,5,8,2,2139.375922570538
633,11,4,rx,circular,55,1100,49,4,7,9,2,2142.2219704183394
634,11,6,"rx, ry, rz",circular,231,3600,87,3,6,6,2,2146.4414116173316
635,10,5,"ry, rz, rx",circular,180,3100,68,5,5,9,2,2148.298844472909
636,15,4,"ry, rz",circular,150,4500,70,3,6,5,2,2148.454075233073
637,13,3,"ry, rx, rz",circular,156,4000,51,2,7,6,2,2149.85996388541
638,13,5,"rz, ry",circular,156,3700,77,4,6,7,2,2159.328927625361
639,16,5,"rz, ry",circular,192,2200,92,5,5,5,2,2160.9988357097436
640,12,7,rx,circular,96,1900,92,2,6,9,2,2163.2971238074374
641,21,4,rx,circular,105,3700,89,5,5,9,2,2163.3007265842093
642,10,7,"rx, ry",circular,160,1700,86,2,4,6,2,2166.044783426136
643,12,5,"rz, rx, ry",circular,216,1400,78,4,7,9,2,2166.8678023989664
644,10,5,"rz, ry, rx",circular,180,1700,68,5,5,5,2,2177.2973038512287
645,10,8,ry,circular,90,2100,89,5,3,6,2,2182.8571776478325
646,10,7,rz,circular,80,3400,78,3,6,5,2,2186.2199489907152
647,13,3,"rz, rx",circular,104,3400,47,2,5,6,2,2187.4225014599288
648,12,6,"rx, rz, ry",circular,252,3900,93,5,5,5,2,2196.6733727053675
649,18,5,ry,circular,108,3100,96,3,4,8,2,2198.4572195556275
650,14,6,"ry, rz",circular,196,3500,98,4,6,8,2,2198.973585612326
651,13,3,rx,circular,52,4300,43,3,7,8,2,2199.422779820347
652,10,7,"rz, rx",circular,160,1000,86,5,6,8,2,2202.3111146551655
653,11,3,ry,circular,44,1900,37,5,3,8,2,2203.7696117824435
654,11,6,rx,circular,77,2300,73,4,6,5,2,2204.023085599314
655,17,4,"ry, rz",circular,170,4800,78,5,4,6,2,2204.2288768011013
656,25,3,"rz, ry",circular,200,2600,83,4,5,6,2,2208.9014709530425
657,16,5,rx,circular,96,2700,86,2,3,7,2,2209.08738267408
658,12,7,rz,circular,96,2900,92,2,7,8,2,2212.0731424537657
659,18,3,rz,circular,72,1500,58,2,4,8,2,2216.5258604147402
660,13,5,rx,circular,78,4200,71,4,3,8,2,2219.6591506844047
661,13,5,"rx, rz, ry",circular,234,1900,83,5,5,5,2,2222.5521945783644
662,11,5,ry,circular,66,3400,61,4,4,9,2,2222.962282989115
663,12,6,ry,circular,84,3900,79,2,5,9,2,2225.11594104182
664,15,5,"rx, rz",circular,180,1000,87,4,5,8,2,2226.298957193537
665,11,3,rx,circular,44,4100,37,2,7,7,2,2226.5527517269147
666,11,6,"ry, rz, rx",circular,231,1300,87,4,4,9,2,2229.713761553814
667,12,6,"rx, ry",circular,168,1900,86,4,6,7,2,2229.9530535705285
668,14,5,ry,circular,84,1400,76,5,3,5,2,2233.1856453765945
669,14,5,"ry, rx, rz",circular,252,2200,88,4,6,9,2,2234.9513804807293
670,13,5,rz,circular,78,4800,71,2,6,7,2,2235.006896340761
671,21,3,"rz, rx",circular,168,4400,71,5,4,9,2,2241.4852117989303
672,11,8,ry,circular,99,3200,97,3,7,8,2,2250.0942884334827
673,16,4,"ry, rx, rz",circular,240,4100,79,2,6,5,2,2270.2707941239933
674,10,7,ry,circular,80,2000,78,2,3,8,2,2273.462763283144
675,15,5,ry,circular,90,1000,81,4,3,6,2,2274.234780106819
676,12,7,ry,circular,96,1900,92,2,4,7,2,2281.712634923176
677,19,3,"rz, ry, rx",circular,228,4500,69,5,3,7,2,2281.9487757723546
678,11,6,"rz, rx, ry",circular,231,2900,87,4,3,7,2,2287.42031712337
679,10,7,rz,circular,80,2800,78,2,3,5,2,2287.734911097236
680,10,8,"rz, rx",circular,180,4400,98,2,7,9,2,2289.7533006713315
681,11,6,ry,circular,77,1500,73,5,6,8,2,2292.1744439748854
682,13,6,rz,circular,91,3100,85,3,5,5,2,2298.0207731415967
683,20,4,rx,circular,100,2400,85,3,4,9,2,2304.9641245684425
684,18,5,ry,circular,108,1000,96,4,6,6,2,2306.4734291627906
685,11,6,"rx, ry",circular,154,4300,80,3,4,8,2,2310.5676436865056
686,16,5,"rx, rz, ry",circular,288,1900,98,3,3,6,2,2311.0962899059873
687,10,6,"rz, ry, rx",circular,210,5000,81,2,6,7,2,2312.5752558643626
688,12,6,rx,circular,84,2200,79,5,7,5,2,2319.6089083729166
689,11,5,"rx, ry, rz",circular,198,2600,73,2,7,8,2,2323.651036162283
690,12,6,rx,circular,84,3100,79,3,3,7,2,2324.058835838493
691,18,3,"ry, rz",circular,144,1500,62,3,7,5,2,2333.1945449465966
692,10,7,ry,circular,80,2500,78,3,7,9,2,2333.5855193905145
693,19,3,"rz, ry, rx",circular,228,3800,69,3,5,5,2,2333.6587277009016
694,11,6,"rx, ry",circular,154,1100,80,4,6,9,2,2338.748188794538
695,23,4,ry,circular,115,3100,97,5,3,7,2,2340.8556261317476
696,15,5,rz,circular,90,4500,81,5,5,9,2,2349.6476805045495
697,11,6,rz,circular,77,3800,73,2,6,8,2,2349.7724162775285
698,21,4,"rz, ry, rx",circular,315,1000,99,5,6,8,2,2352.3546078983263
699,14,4,ry,circular,70,1700,61,3,7,7,2,2352.4057762777043
700,14,5,"ry, rx, rz",circular,252,3600,88,4,5,6,2,2354.5195028357703
701,11,7,"ry, rz",circular,176,3600,93,2,6,7,2,2354.8969246560605
702,10,6,"ry, rx, rz",circular,210,2900,81,4,4,9,2,2357.610255886966
703,13,5,"rx, rz, ry",circular,234,2900,83,3,4,8,2,2369.0632463603815
704,21,3,rz,circular,84,3600,67,2,6,7,2,2369.361891031738
705,12,7,ry,circular,96,2600,92,5,5,5,2,2373.8079425729034
706,13,6,ry,circular,91,2400,85,3,6,5,2,2379.249425206534
707,13,6,"rz, ry",circular,182,4500,92,2,7,5,2,2380.6846514714553
708,10,8,"rx, ry",circular,180,2800,98,2,3,8,2,2382.8748150826627
709,10,7,"ry, rx, rz",circular,240,2800,94,3,3,5,2,2384.822027914925
710,13,4,"ry, rx, rz",circular,195,4400,67,5,4,6,2,2385.8494605607307
711,19,4,"rz, rx",circular,190,1700,86,3,7,5,2,2392.160477855369
712,13,6,ry,circular,91,4800,85,4,5,9,2,2392.5168403548646
713,11,6,ry,circular,77,2800,73,3,4,7,2,2394.667437136119
714,10,5,"rz, rx",circular,120,3500,62,4,7,9,2,2396.020220177104
715,13,6,rx,circular,91,3800,85,2,6,7,2,2397.542805345264
716,11,5,rz,circular,66,2900,61,4,4,9,2,2399.156561884983
717,13,6,"rz, ry, rx",circular,273,1700,99,5,5,5,2,2402.6476233682115
718,10,7,ry,circular,80,2300,78,5,5,8,2,2403.5931203355035
719,19,4,"ry, rx",circular,190,1500,86,3,4,7,2,2406.4751099931777
720,10,7,rz,circular,80,2000,78,5,4,7,2,2420.302602328352
721,11,7,"rx, ry",circular,176,2800,93,2,3,5,2,2421.9322351213314
722,11,6,"rz, rx, ry",circular,231,3200,87,2,5,5,2,2425.865196713784
723,14,5,rz,circular,84,1700,76,5,6,9,2,2430.2059992835857
724,14,5,"rx, ry, rz",circular,252,1900,88,4,3,5,2,2431.9986024772506
725,11,5,"rx, rz, ry",circular,198,1400,73,3,7,7,2,2433.3646203237286
726,11,5,"rz, ry",circular,132,3500,67,4,4,6,2,2435.411057643945
727,10,5,rz,circular,60,5000,56,4,6,9,2,2436.29228178886
728,10,8,ry,circular,90,1800,89,3,3,8,2,2437.6842900726842
729,12,5,"rx, rz",circular,144,1800,72,2,3,5,2,2440.736334557358
730,13,6,"ry, rx, rz",circular,273,1400,99,5,6,9,2,2446.0055402741095
731,10,4,"ry, rz",circular,100,4900,50,4,6,9,2,2449.1045662918827
732,22,4,"ry, rx",circular,220,3900,98,3,4,6,2,2459.210820282758
733,12,5,"ry, rz",circular,144,1900,72,3,3,6,2,2459.3429543208654
734,14,5,rz,circular,84,2600,76,2,5,7,2,2463.808956341626
735,10,5,"rx, ry, rz",circular,180,1200,68,2,7,9,2,2472.157740520706
736,14,4,ry,circular,70,3300,61,5,5,6,2,2475.2791671631326
737,12,5,rz,circular,72,3000,66,3,5,5,2,2477.0602675682458
738,11,6,rz,circular,77,5000,73,4,3,5,2,2478.279010182102
739,13,5,ry,circular,78,4100,71,5,6,9,2,2493.1636078988195
740,13,4,rx,circular,65,1800,57,4,6,9,2,2507.875443952616
741,12,6,rx,circular,84,4100,79,2,5,7,2,2513.2191555181544
742,12,5,"rx, ry, rz",circular,216,3700,78,2,6,6,2,2514.9966449885633
743,15,6,rz,circular,105,2900,97,4,5,7,2,2516.649059243592
744,16,5,ry,circular,96,1700,86,5,5,8,2,2516.6757112702358
745,13,5,rx,circular,78,4600,71,2,6,8,2,2528.2927031941103
746,16,5,"ry, rz",circular,192,4000,92,3,6,9,2,2528.5339317636344
747,11,5,"ry, rx",circular,132,3900,67,5,6,7,2,2534.928474386696
748,12,7,ry,circular,96,2200,92,3,5,6,2,2537.2854737161056
749,21,4,"rz, rx",circular,210,1400,94,3,3,9,2,2540.753098747775
750,13,5,"ry, rz, rx",circular,234,3000,83,4,4,6,2,2541.940972363083
751,23,3,"rz, ry, rx",circular,276,2700,81,2,4,9,2,2552.3920207813826
752,11,4,"rx, ry",circular,110,3200,54,4,7,5,2,2556.720971312478
753,10,6,"rx, ry",circular,140,2300,74,2,4,6,2,2560.908686306653
754,11,5,"ry, rx",circular,132,2900,67,4,3,5,2,2566.1058610832506
755,11,6,"rz, rx, ry",circular,231,3500,87,2,4,9,2,2573.7903870742857
756,16,5,"rx, rz, ry",circular,288,2900,98,2,3,8,2,2580.190797035702
757,25,3,"rz, rx, ry",circular,300,1600,87,4,7,5,2,2580.679827270509
758,15,5,"rx, ry, rz",circular,270,3900,93,4,3,5,2,2591.083897196466
759,15,5,"rz, rx, ry",circular,270,2000,93,2,7,7,2,2591.1212919520513
760,11,8,rz,circular,99,3400,97,2,6,9,2,2602.316654364713
761,13,6,rx,circular,91,1900,85,2,4,8,2,2602.532606638129
762,15,5,"rx, ry",circular,180,4600,87,5,3,5,2,2608.096267162196
763,16,5,rx,circular,96,2800,86,4,7,8,2,2610.2809213918317
764,10,4,"rx, rz",circular,100,3200,50,5,4,7,2,2611.982334708035
765,18,4,rx,circular,90,2300,77,3,6,9,2,2617.122138405364
766,10,3,"rz, ry",circular,80,4600,38,4,6,8,2,2617.81587534334
767,10,7,"rx, ry",circular,160,1800,86,4,5,9,2,2618.4210562145267
768,12,5,"rz, ry",circular,144,3100,72,4,6,9,2,2625.0423295013056
769,12,7,rz,circular,96,2700,92,3,3,9,2,2632.493137977423
770,16,5,"rx, ry",circular,192,3600,92,4,6,7,2,2633.1308130651914
771,17,3,"rx, rz, ry",circular,204,3900,63,4,7,9,2,2635.0586703067415
772,11,5,"ry, rz",circular,132,2000,67,4,7,5,2,2647.01821298864
773,14,6,ry,circular,98,1800,91,5,4,5,2,2649.0426217937566
774,11,7,"rx, ry",circular,176,1000,93,2,3,8,2,2652.25400169614
775,16,5,"rx, rz, ry",circular,288,1100,98,3,3,5,2,2652.8599193296845
776,13,3,"rx, ry, rz",circular,156,4900,51,5,4,9,2,2654.86398420355
777,15,5,"rz, rx, ry",circular,270,4400,93,3,6,7,2,2655.8269298253044
778,14,5,"rz, ry, rx",circular,252,4300,88,2,6,5,2,2657.1475191363133
779,12,5,"rz, rx",circular,144,4600,72,4,7,7,2,2659.619560163415
780,10,5,"ry, rz",circular,120,2000,62,3,5,6,2,2661.853540015259
781,13,6,"rz, ry",circular,182,4400,92,3,3,6,2,2667.3178173415536
782,17,5,"rz, rx",circular,204,4600,97,3,3,9,2,2668.6989583872764
783,10,5,"rx, ry",circular,120,3900,62,5,4,8,2,2674.4590478302703
784,15,5,"ry, rx, rz",circular,270,3400,93,3,7,6,2,2674.4938638765466
785,12,6,rx,circular,84,4600,79,5,5,8,2,2674.978311707764
786,10,7,"rx, ry, rz",circular,240,1300,94,2,3,5,2,2679.408489012869
787,18,5,rx,circular,108,2100,96,4,4,8,2,2680.331500722626
788,10,6,rz,circular,70,2900,67,4,5,7,2,2680.6946390315925
789,17,5,rx,circular,102,4200,91,3,3,5,2,2681.6119749393956
790,18,3,ry,circular,72,4000,58,4,5,5,2,2683.3317582739255
791,10,5,rx,circular,60,3400,56,4,3,9,2,2687.979154794953
792,14,6,rx,circular,98,4700,91,3,6,6,2,2695.1844077915935
793,11,5,"ry, rx",circular,132,2600,67,4,5,6,2,2696.8537211798907
794,13,7,ry,circular,104,4200,99,5,4,6,2,2698.875285952302
795,14,6,"rz, ry",circular,196,1300,98,3,6,7,2,2700.1770811423407
796,10,5,"ry, rz, rx",circular,180,2900,68,5,5,6,2,2700.70351210163
797,10,6,rz,circular,70,1200,67,3,3,9,2,2703.5600915189702
798,13,4,"rz, ry",circular,130,3100,62,4,5,6,2,2707.552731375579
799,10,8,rx,circular,90,4500,89,2,6,7,2,2708.9396246964425
800,14,5,"rx, ry, rz",circular,252,1900,88,4,7,6,2,2711.6513485313653
801,21,4,"rx, rz, ry",circular,315,1500,99,4,3,9,2,2721.753615744689
802,12,4,rz,circular,60,1800,53,4,7,7,2,2724.8961910404673
803,14,5,"ry, rz, rx",circular,252,3600,88,2,5,8,2,2725.688781609116
804,12,6,"rx, rz",circular,168,4100,86,4,6,6,2,2728.447362230581
805,10,7,ry,circular,80,1100,78,2,3,9,2,2732.740831572015
806,15,6,rz,circular,105,1600,97,4,7,8,2,2735.2484958642954
807,12,7,ry,circular,96,3500,92,5,6,9,2,2739.2822747783794
808,18,4,ry,circular,90,3900,77,3,4,5,2,2747.3308517893756
809,17,4,ry,circular,85,4200,73,2,7,9,2,2748.1162632968967
810,11,6,"rx, ry",circular,154,4600,80,4,4,9,2,2751.069242088976
811,11,4,"rz, ry",circular,110,4400,54,5,4,6,2,2752.070296318815
812,10,6,"rz, ry",circular,140,4400,74,3,4,5,2,2753.526368906888
813,10,8,rz,circular,90,2600,89,2,3,6,2,2754.0939764858394
814,12,6,"rz, rx",circular,168,2400,86,5,7,5,2,2760.332327362382
815,14,4,"rx, rz, ry",circular,210,2300,71,2,6,7,2,2761.0160735798822
816,12,6,"rz, ry, rx",circular,252,1600,93,5,3,8,2,2761.465400310777
817,20,3,rz,circular,80,3100,64,3,4,9,2,2762.380531071828
818,15,5,"rx, rz, ry",circular,270,2700,93,2,3,8,2,2765.1357743500594
819,18,4,ry,circular,90,1400,77,5,7,7,2,2774.7591347887687
820,13,5,ry,circular,78,1000,71,5,7,7,2,2776.2952158182243
821,11,6,rx,circular,77,2100,73,5,3,6,2,2778.191679898941
822,11,5,"ry, rz",circular,132,4900,67,5,3,5,2,2779.5327373476994
823,10,6,rx,circular,70,4400,67,3,5,7,2,2782.421495511825
824,12,4,ry,circular,60,5000,53,5,3,7,2,2784.026815192476
825,13,6,"ry, rx",circular,182,1900,92,3,3,7,2,2784.527223879898
826,17,3,"ry, rz, rx",circular,204,3300,63,4,6,9,2,2786.950144565522
827,11,7,"rx, ry",circular,176,3400,93,4,7,9,2,2788.6452138957407
828,12,7,rx,circular,96,1400,92,3,3,6,2,2795.0073119688223
829,10,5,ry,circular,60,4800,56,3,7,5,2,2800.5779063649916
830,12,7,rz,circular,96,2600,92,4,6,8,2,2810.637817394052
831,11,6,"rx, ry",circular,154,1700,80,4,7,6,2,2811.8941677570165
832,10,8,rz,circular,90,1100,89,5,6,9,2,2811.906112314878
833,11,6,"ry, rx, rz",circular,231,1700,87,4,3,8,2,2813.7135075078345
834,15,6,rz,circular,105,2700,97,5,3,9,2,2814.526164936831
835,14,5,"ry, rz, rx",circular,252,2400,88,4,3,9,2,2815.0556127421714
836,13,5,rx,circular,78,1000,71,4,7,6,2,2815.6494007393553
837,19,4,"ry, rz",circular,190,2100,86,2,5,9,2,2823.1697320719186
838,21,4,rz,circular,105,3900,89,3,4,6,2,2824.275017331727
839,12,6,ry,circular,84,2800,79,4,7,6,2,2825.2797651336855
840,11,3,"ry, rz, rx",circular,132,2600,45,5,6,7,2,2828.7134176473082
841,16,4,"ry, rz, rx",circular,240,3800,79,2,6,7,2,2831.3077017473115
842,10,6,"ry, rz, rx",circular,210,2200,81,2,3,9,2,2832.5299955661735
843,12,4,"ry, rz, rx",circular,180,1600,63,4,4,5,2,2837.104821167091
844,10,6,"rx, rz",circular,140,2800,74,5,5,7,2,2837.2928281086197
845,13,5,rz,circular,78,1200,71,4,7,8,2,2841.9257165855142
846,11,6,"rx, rz",circular,154,1300,80,5,6,5,2,2851.4917866672236
847,10,5,"ry, rz",circular,120,2500,62,4,3,5,2,2852.9586790863045
848,13,6,ry,circular,91,2200,85,3,4,5,2,2853.299806591593
849,10,6,"rx, rz",circular,140,4400,74,3,4,9,2,2854.350753851716
850,12,4,rz,circular,60,1300,53,5,3,7,2,2855.1259874891393
851,14,6,"rz, rx",circular,196,3800,98,4,7,5,2,2862.3780713143747
852,22,4,rx,circular,110,3200,93,3,4,8,2,2863.3025942072727
853,15,5,rz,circular,90,3200,81,3,6,9,2,2864.9280128365
854,12,4,"ry, rz",circular,120,3300,58,4,6,6,2,2866.5396585667204
855,11,7,rx,circular,88,2800,85,5,4,6,2,2866.6655574612378
856,10,6,"ry, rx",circular,140,2500,74,4,5,6,2,2866.7639152001584
857,13,6,"ry, rx, rz",circular,273,1700,99,5,7,7,2,2868.669142676024
858,15,5,rz,circular,90,3500,81,3,3,7,2,2871.180102835158
859,10,7,rx,circular,80,2600,78,2,3,7,2,2876.120888025466
860,18,4,"rz, ry, rx",circular,270,4200,87,4,6,7,2,2878.645622004299
861,15,6,ry,circular,105,3600,97,3,7,8,2,2879.4868807515536
862,14,3,"rz, rx, ry",circular,168,3800,54,2,5,6,2,2881.710883749088
863,11,4,"rx, rz",circular,110,4700,54,4,7,5,2,2883.1487929299897
864,11,5,"rx, rz",circular,132,2200,67,5,6,9,2,2884.5771361999314
865,14,4,"rz, ry",circular,140,2600,66,2,5,9,2,2884.832658340772
866,15,5,rx,circular,90,3600,81,4,3,7,2,2888.1125695174605
867,18,5,rz,circular,108,5000,96,3,5,6,2,2893.65947304128
868,11,5,"rz, ry, rx",circular,198,1300,73,4,3,7,2,2895.338949379722
869,18,4,rx,circular,90,1100,77,5,7,7,2,2895.930871936831
870,10,5,rz,circular,60,4900,56,5,4,7,2,2899.7769401306564
871,11,5,"rz, ry, rx",circular,198,4800,73,4,4,7,2,2901.178789992338
872,11,6,"ry, rx",circular,154,3900,80,5,5,8,2,2901.9192839442335
873,11,5,"rz, ry",circular,132,3300,67,3,3,7,2,2902.1719736308955
874,15,6,rz,circular,105,1600,97,2,6,8,2,2905.8117566278383
875,22,4,ry,circular,110,2400,93,5,7,8,2,2907.3415555419415
876,10,4,rz,circular,50,3400,45,4,5,5,2,2912.88373267471
877,14,6,rz,circular,98,2000,91,2,5,5,2,2916.9144183454796
878,18,4,"ry, rz, rx",circular,270,2900,87,3,3,7,2,2917.155703468704
879,10,6,"rz, ry, rx",circular,210,1300,81,5,6,6,2,2918.5706359266483
880,10,6,"rz, ry",circular,140,2400,74,2,7,9,2,2922.7077408161263
881,20,4,rx,circular,100,1500,85,3,4,6,2,2929.999968403417
882,11,7,"rx, rz",circular,176,3600,93,3,4,8,2,2931.3574140947594
883,12,5,"rx, rz, ry",circular,216,1700,78,3,7,5,2,2938.9041746397406
884,10,6,"rz, ry",circular,140,1900,74,2,4,9,2,2939.4550127927387
885,12,7,ry,circular,96,3800,92,5,6,6,2,2944.4779842243347
886,10,7,"ry, rx",circular,160,4600,86,5,4,7,2,2955.5125533221994
887,13,4,"ry, rz, rx",circular,195,1900,67,5,4,7,2,2965.4674063151397
888,15,6,rz,circular,105,2100,97,5,6,9,2,2967.1734213860605
889,13,5,"rx, ry",circular,156,1000,77,3,3,8,2,2969.7310396258345
890,10,8,"ry, rz",circular,180,2500,98,4,3,8,2,2970.79778660136
891,14,5,ry,circular,84,2700,76,5,7,7,2,2970.960286353436
892,13,4,"ry, rz",circular,130,1800,62,3,6,7,2,2971.313620567529
893,11,7,rx,circular,88,2700,85,2,4,6,2,2972.206246518234
894,14,3,"ry, rz, rx",circular,168,1600,54,4,5,6,2,2973.4861703498277
895,16,5,"rz, rx, ry",circular,288,3800,98,3,3,5,2,2975.9799201521964
896,17,5,rz,circular,102,3500,91,2,5,8,2,2976.17097193423
897,14,6,rx,circular,98,4500,91,5,4,6,2,2977.1655372777636
898,11,7,"rx, ry",circular,176,5000,93,5,4,6,2,2979.3581518452106
899,13,5,"rz, ry",circular,156,2500,77,4,3,8,2,2980.462651300232
900,20,4,"rz, rx, ry",circular,300,2700,95,2,7,7,2,2984.741361518219
901,12,5,"rx, ry, rz",circular,216,3700,78,3,5,9,2,2986.4685025798894
902,11,6,"rz, ry",circular,154,3500,80,2,6,8,2,2992.685582954262
903,11,6,"rx, rz, ry",circular,231,1600,87,2,6,5,2,2993.454211478843
904,13,6,rz,circular,91,2700,85,3,7,9,2,2994.286921575924
905,12,6,ry,circular,84,2100,79,5,6,6,2,2996.370476532806
906,11,7,ry,circular,88,3300,85,4,3,7,2,2996.9571722931364
907,15,6,ry,circular,105,4800,97,3,6,5,2,2999.2093538499003
908,10,8,"ry, rx",circular,180,1200,98,5,6,5,2,3002.6706284375214
909,10,7,"rx, ry",circular,160,1700,86,5,6,9,2,3008.35147587701
910,12,4,"rz, ry, rx",circular,180,1400,63,4,4,7,2,3008.5357374168866
911,12,6,"ry, rz",circular,168,1600,86,3,7,7,2,3008.8661993169994
912,16,5,"ry, rz",circular,192,1800,92,5,6,5,2,3010.148736630464
913,16,4,ry,circular,80,3600,69,3,6,6,2,3011.335912389122
914,13,4,rz,circular,65,1300,57,5,5,8,2,3024.429498171028
915,10,8,ry,circular,90,4500,89,2,3,6,2,3033.4712023745246
916,14,4,"rx, rz",circular,140,1500,66,4,5,9,2,3039.435601864707
917,14,5,ry,circular,84,3800,76,2,6,6,2,3040.637161254433
918,10,6,"rz, ry",circular,140,1500,74,4,4,8,2,3048.607321929369
919,12,5,ry,circular,72,2200,66,5,4,8,2,3049.6990429185153
920,13,3,ry,circular,52,2400,43,5,4,8,2,3061.1641102577123
921,18,5,rz,circular,108,3000,96,5,6,7,2,3062.6116832462135
922,10,6,rz,circular,70,2700,67,4,5,8,2,3067.8869236806145
923,12,5,"ry, rx, rz",circular,216,3500,78,4,5,6,2,3071.4100119309937
924,17,5,"rz, rx",circular,204,1800,97,2,7,6,2,3075.2327149150965
925,14,5,"rz, rx",circular,168,3200,82,4,4,6,2,3081.075860931504
926,15,5,"rx, rz, ry",circular,270,2300,93,3,4,5,2,3082.0299784349304
927,11,6,"ry, rx, rz",circular,231,2000,87,5,6,9,2,3086.549938806351
928,17,5,ry,circular,102,2300,91,5,3,7,2,3086.6406587681
929,10,8,"rz, ry",circular,180,4300,98,2,7,7,2,3089.001248993676
930,10,6,"rx, rz, ry",circular,210,1000,81,4,4,6,2,3093.125911111338
931,10,7,rz,circular,80,4600,78,3,6,5,2,3098.8386343011603
932,11,6,"ry, rz",circular,154,4900,80,4,7,8,2,3107.140895403406
933,12,3,"ry, rx",circular,96,4000,44,2,6,9,2,3107.216141756431
934,10,7,"rx, rz",circular,160,2300,86,5,5,9,2,3108.766979294559
935,13,6,rz,circular,91,3200,85,4,3,5,2,3110.625601110458
936,11,7,rz,circular,88,2500,85,4,7,5,2,3114.924427778103
937,11,6,"rz, ry",circular,154,4500,80,4,3,9,2,3116.472849339276
938,11,7,rx,circular,88,1100,85,4,7,8,2,3116.5111660191023
939,10,5,"ry, rz",circular,120,2100,62,5,3,6,2,3119.4649268513585
940,15,5,"rx, ry",circular,180,4700,87,2,6,8,2,3121.6880568067395
941,10,5,rz,circular,60,4800,56,5,6,6,2,3128.2020221516736
942,15,6,ry,circular,105,1200,97,2,6,8,2,3128.9509771380294
943,10,4,ry,circular,50,2500,45,2,3,8,2,3134.4843548544177
944,11,6,"rx, rz",circular,154,1300,80,2,5,6,2,3135.31850581938
945,11,7,"rz, ry",circular,176,2200,93,5,7,9,2,3136.122360260022
946,10,5,"rz, rx, ry",circular,180,2400,68,2,3,9,2,3136.865232724482
947,12,7,rz,circular,96,4800,92,5,7,9,2,3145.9431658424023
948,15,4,"ry, rx",circular,150,3000,70,2,6,5,2,3151.6019246813316
949,10,7,"rx, ry",circular,160,2400,86,4,4,6,2,3153.3248644905275
950,16,5,"ry, rx, rz",circular,288,3800,98,5,5,6,2,3153.877566429894
951,14,6,"ry, rx",circular,196,3500,98,2,4,6,2,3155.947917962267
952,10,8,rx,circular,90,1900,89,5,3,5,2,3170.242015380653
953,21,4,rx,circular,105,5000,89,4,3,9,2,3173.757781663861
954,20,4,"ry, rx, rz",circular,300,1400,95,5,5,5,2,3179.627122542227
955,10,6,"rx, rz",circular,140,1700,74,2,4,5,2,3180.7121247020746
956,12,6,"rz, rx, ry",circular,252,1300,93,3,5,5,2,3185.6464396743927
957,13,5,rz,circular,78,1400,71,2,6,5,2,3186.0280667776155
958,10,7,"rx, rz",circular,160,4300,86,5,7,9,2,3190.942643777673
959,14,6,rz,circular,98,3100,91,3,6,9,2,3191.2106007854277
960,13,6,"rx, rz, ry",circular,273,4000,99,5,3,7,2,3192.4819875682156
961,11,5,"rz, ry",circular,132,2700,67,2,6,6,2,3192.629248222023
962,12,6,"ry, rx",circular,168,3000,86,4,7,9,2,3193.0790582387317
963,10,7,"rz, ry",circular,160,4000,86,4,4,8,2,3199.818435616681
964,13,4,ry,circular,65,1300,57,5,6,7,2,3200.4823511567797
965,10,5,"ry, rx",circular,120,2800,62,5,4,7,2,3201.3899972277727
966,11,6,ry,circular,77,3500,73,4,7,6,2,3205.676608422053
967,13,6,"rx, rz",circular,182,4500,92,2,5,9,2,3208.3513602281528
968,12,7,rx,circular,96,2200,92,3,4,7,2,3219.27004565182
969,20,4,"rz, ry",circular,200,5000,90,4,7,8,2,3226.57990517757
970,10,7,"rx, rz, ry",circular,240,3200,94,4,7,9,2,3233.8439807428126
971,13,6,"rx, rz",circular,182,4900,92,4,3,5,2,3236.145984876827
972,11,7,rz,circular,88,5000,85,4,3,6,2,3237.516227401757
973,11,6,"rx, ry",circular,154,1100,80,2,3,7,2,3241.2258048296926
974,19,4,"rx, rz",circular,190,3400,86,3,6,8,2,3247.257232394737
975,20,4,"rx, ry",circular,200,1300,90,5,4,8,2,3251.4413831508855
976,10,5,rx,circular,60,2100,56,4,7,8,2,3252.3137539480053
977,12,5,"rz, rx",circular,144,2500,72,5,4,5,2,3254.5385004889526
978,15,5,"rx, rz",circular,180,2900,87,3,4,5,2,3258.235381195868
979,12,5,"ry, rz",circular,144,3500,72,4,3,5,2,3271.4782410550447
980,12,7,rx,circular,96,3900,92,4,6,9,2,3272.58397344068
981,15,4,ry,circular,75,4900,65,3,5,9,2,3275.224887164425
982,12,4,"rx, rz",circular,120,2700,58,2,5,5,2,3276.732796991345
983,12,7,rz,circular,96,3800,92,4,3,6,2,3281.2009113060344
984,11,7,rz,circular,88,2100,85,3,5,9,2,3285.6760215782283
985,16,5,rx,circular,96,1900,86,4,5,8,2,3286.3642624331474
986,12,6,ry,circular,84,2100,79,2,3,9,2,3291.40583087894
987,11,8,rz,circular,99,3300,97,4,3,9,2,3292.9130653808925
988,13,6,rz,circular,91,3500,85,2,5,8,2,3295.4687713247395
989,13,5,"ry, rz, rx",circular,234,2800,83,5,6,7,2,3296.001436129678
990,13,7,rz,circular,104,2400,99,4,3,8,2,3300.0324474755867
991,15,4,"rx, rz",circular,150,3600,70,2,6,9,2,3301.263148030382
992,19,3,"rx, ry, rz",circular,228,3200,69,2,7,5,2,3302.926950276128
993,13,7,rx,circular,104,3500,99,5,7,6,2,3307.4691305166084
994,12,5,"rx, ry, rz",circular,216,4900,78,4,4,6,2,3311.436947718655
995,11,6,rz,circular,77,1500,73,4,5,6,2,3312.1913326120184
996,12,7,rz,circular,96,1800,92,2,3,6,2,3314.7151584593103
997,15,5,"rx, rz, ry",circular,270,2800,93,5,5,8,2,3316.592532404604
998,11,6,rx,circular,77,2200,73,5,5,8,2,3323.6218994589904
999,16,5,"rz, ry",circular,192,4500,92,3,7,5,2,3326.111111299708
1000,16,4,rz,circular,80,4700,69,5,7,5,2,3329.5330812158472
1001,11,7,"ry, rz",circular,176,1600,93,2,4,8,2,3329.8213849876124
1002,13,5,ry,circular,78,4600,71,4,7,9,2,3330.427291680424
1003,11,6,"ry, rx",circular,154,4500,80,2,6,8,2,3331.0761233736
1004,10,6,rz,circular,70,2700,67,5,4,6,2,3335.338913983599
1005,12,7,ry,circular,96,4200,92,3,6,5,2,3347.288375848344
1006,13,6,"rz, rx",circular,182,1800,92,4,3,7,2,3348.141289318758
1007,15,3,"rx, ry, rz",circular,180,4600,57,2,4,8,2,3348.4655183222953
1008,22,3,ry,circular,88,3000,70,3,6,8,2,3349.6598360298385
1009,12,6,"rz, ry",circular,168,1700,86,3,3,7,2,3358.3789766907776
1010,10,3,"ry, rz, rx",circular,120,3200,42,2,7,7,2,3364.8734485840314
1011,15,4,rz,circular,75,1300,65,4,5,5,2,3369.7390226523494
1012,13,4,"rx, ry, rz",circular,195,4100,67,4,7,6,2,3369.771374168914
1013,12,6,"rx, ry",circular,168,3200,86,3,4,5,2,3370.708075110898
1014,12,7,ry,circular,96,2700,92,5,3,6,2,3373.638220329709
1015,14,6,rx,circular,98,1700,91,3,3,9,2,3373.72764987815
1016,14,5,"ry, rx, rz",circular,252,4000,88,5,3,6,2,3375.8960709313046
1017,13,3,"rx, rz",circular,104,4200,47,4,3,8,2,3378.715344307681
1018,11,6,"rx, rz, ry",circular,231,4300,87,2,3,9,2,3380.2573257264416
1019,16,5,"rz, ry, rx",circular,288,3000,98,2,4,6,2,3380.847094508184
1020,13,3,"ry, rz, rx",circular,156,3300,51,2,4,8,2,3381.897756357477
1021,12,5,"rx, ry",circular,144,4000,72,3,5,6,2,3384.9858655140156
1022,14,5,rz,circular,84,1600,76,5,6,8,2,3405.3666044846195
1023,19,4,"rx, ry",circular,190,2900,86,4,5,5,2,3405.743080653441
1024,11,3,"rz, rx",circular,88,3500,41,3,6,8,2,3406.0808724480153
1025,13,6,"rx, ry",circular,182,4600,92,4,7,8,2,3407.0718062076558
1026,10,4,"ry, rx",circular,100,4200,50,5,5,9,2,3409.9639973454723
1027,16,5,rx,circular,96,3900,86,5,4,9,2,3416.405584201237
1028,10,6,"rx, ry, rz",circular,210,3400,81,4,4,6,2,3418.7260304472547
1029,12,6,"ry, rz, rx",circular,252,1000,93,2,7,8,2,3421.799239444064
1030,24,3,"rz, rx, ry",circular,288,1300,84,2,4,8,2,3425.549546535218
1031,13,7,ry,circular,104,2000,99,5,7,8,2,3426.4864572766433
1032,14,6,rz,circular,98,1300,91,5,5,9,2,3427.51455804188
1033,12,6,"rx, ry",circular,168,4600,86,4,4,6,2,3428.5789180418715
1034,14,6,"rz, ry",circular,196,2500,98,5,4,6,2,3428.6714888241136
1035,15,5,"rz, ry",circular,180,2100,87,3,5,5,2,3430.2412146128713
1036,11,6,rx,circular,77,1000,73,3,6,5,2,3431.4286190909943
1037,15,5,rz,circular,90,2500,81,4,7,9,2,3432.697550611347
1038,15,6,ry,circular,105,5000,97,2,4,8,2,3436.179860890325
1039,12,7,rz,circular,96,2200,92,2,4,9,2,3436.9917194485547
1040,17,5,"ry, rz",circular,204,2200,97,5,4,7,2,3442.1635047174236
1041,11,6,"rx, ry",circular,154,3100,80,2,5,7,2,3444.3925627934063
1042,13,5,"ry, rx",circular,156,1600,77,2,5,8,2,3447.320783102499
1043,11,6,ry,circular,77,2100,73,5,7,9,2,3452.4496889820043
1044,13,4,ry,circular,65,2900,57,5,5,9,2,3453.0150183937785
1045,16,5,"rx, ry",circular,192,1500,92,5,7,6,2,3457.2440178318984
1046,23,4,ry,circular,115,1200,97,5,5,7,2,3459.6718908200564
1047,13,6,"ry, rx, rz",circular,273,1300,99,3,6,5,2,3460.7733643959364
1048,11,4,"ry, rx, rz",circular,165,2600,59,3,5,5,2,3467.6875352291036
1049,10,6,"rx, ry, rz",circular,210,3700,81,3,3,9,2,3470.3158066029905
1050,17,4,"ry, rx, rz",circular,255,4500,83,3,6,5,2,3470.4686477217647
1051,16,4,rx,circular,80,2000,69,3,7,7,2,3481.559025124603
1052,12,6,rx,circular,84,4100,79,5,5,7,2,3485.675440001505
1053,14,6,"ry, rz",circular,196,4100,98,3,7,7,2,3487.516571701246
1054,15,5,"rz, ry",circular,180,4600,87,2,5,9,2,3494.8748863024507
1055,17,5,"ry, rz",circular,204,4000,97,5,5,6,2,3497.9212469721497
1056,10,8,"rz, rx",circular,180,3400,98,2,4,5,2,3501.0646200649408
1057,13,6,ry,circular,91,1400,85,3,4,8,2,3501.8356553347985
1058,10,5,"rz, rx, ry",circular,180,2500,68,2,3,8,2,3502.7329863885407
1059,14,3,"ry, rz, rx",circular,168,2000,54,5,6,5,2,3505.8141375067635
1060,12,6,"rx, ry",circular,168,1500,86,5,3,8,2,3511.8457446937173
1061,14,6,"rz, rx",circular,196,1500,98,2,5,7,2,3511.9506566836217
1062,10,5,"ry, rx, rz",circular,180,3600,68,4,4,8,2,3512.4650214371004
1063,12,5,"rz, rx, ry",circular,216,3200,78,4,4,9,2,3513.7237084717503
1064,15,5,"ry, rx, rz",circular,270,2100,93,3,6,8,2,3515.618358801048
1065,11,6,"rz, ry",circular,154,3400,80,2,7,5,2,3518.045464781556
1066,12,6,"rz, rx",circular,168,2800,86,5,7,8,2,3518.1473344633255
1067,12,3,ry,circular,48,5000,40,4,3,8,2,3525.042749496686
1068,17,4,ry,circular,85,1400,73,3,6,8,2,3527.3084466942137
1069,14,6,rz,circular,98,4800,91,2,5,8,2,3530.35563734631
1070,13,6,"rx, ry, rz",circular,273,4600,99,2,7,7,2,3533.6797185718806
1071,15,4,"ry, rz",circular,150,4200,70,2,4,5,2,3540.029200052405
1072,18,5,rz,circular,108,4500,96,4,4,9,2,3542.9967048445474
1073,11,6,"rx, rz",circular,154,1600,80,5,3,5,2,3543.1693220435386
1074,10,5,"ry, rx",circular,120,4500,62,5,5,8,2,3546.40741756928
1075,10,7,rx,circular,80,3100,78,4,3,5,2,3547.2092020645377
1076,17,5,"rx, rz",circular,204,4800,97,3,4,5,2,3558.5666857605634
1077,10,8,rz,circular,90,4800,89,5,4,9,2,3567.7093081396165
1078,11,7,rz,circular,88,1600,85,5,3,5,2,3575.4008084540415
1079,12,5,"ry, rz, rx",circular,216,2200,78,3,7,5,2,3579.4106114962224
1080,11,6,"ry, rz, rx",circular,231,1700,87,5,3,9,2,3580.320467975482
1081,13,6,"rz, rx",circular,182,2000,92,2,3,5,2,3581.036342806673
1082,12,3,"rx, rz",circular,96,1800,44,3,3,6,2,3581.7087493044373
1083,13,5,"ry, rz",circular,156,1100,77,2,7,6,2,3581.796483918967
1084,12,5,"rz, rx",circular,144,3000,72,3,6,6,2,3582.26565763386
1085,12,7,rz,circular,96,4800,92,5,6,5,2,3582.720232360922
1086,18,3,"rz, rx, ry",circular,216,2400,66,5,7,7,2,3582.9523618956987
1087,21,4,ry,circular,105,2500,89,3,6,9,2,3584.4879646616882
1088,10,6,ry,circular,70,2600,67,2,3,5,2,3584.7688986973
1089,18,3,rx,circular,72,1800,58,5,4,9,2,3585.045270253993
1090,12,7,ry,circular,96,4400,92,2,3,9,2,3585.8151476425683
1091,10,7,ry,circular,80,3500,78,5,7,6,2,3586.2101013503366
1092,10,7,rz,circular,80,4500,78,5,4,9,2,3591.0337313433074
1093,11,6,"rx, rz, ry",circular,231,4400,87,5,4,9,2,3591.1513710717654
1094,10,7,ry,circular,80,2700,78,4,5,7,2,3593.8725928090607
1095,16,5,"rx, rz",circular,192,1300,92,2,6,7,2,3596.3574938102643
1096,13,6,"ry, rz",circular,182,4900,92,3,4,9,2,3602.280045887633
1097,12,4,"ry, rx",circular,120,4400,58,5,6,5,2,3603.3213726106633
1098,12,6,"rx, rz",circular,168,1100,86,2,7,7,2,3607.8786353979713
1099,13,6,rx,circular,91,3600,85,3,3,8,2,3607.975234768558
1100,10,6,ry,circular,70,5000,67,4,4,8,2,3611.6685803821524
1101,15,6,ry,circular,105,2000,97,3,7,7,2,3611.8688432277154
1102,13,6,rz,circular,91,1400,85,2,6,6,2,3619.410280798867
1103,11,4,"rz, ry",circular,110,5000,54,5,3,7,2,3619.4906983300443
1104,18,5,rx,circular,108,3900,96,5,5,6,2,3620.335977002214
1105,11,4,"ry, rx, rz",circular,165,1400,59,5,7,7,2,3621.0647710372514
1106,15,5,ry,circular,90,1800,81,5,6,8,2,3622.2173966449295
1107,13,6,"rx, ry, rz",circular,273,2100,99,4,6,9,2,3623.1264454695693
1108,14,6,"rz, rx",circular,196,2500,98,2,3,5,2,3624.0360128354077
1109,19,4,"rx, rz, ry",circular,285,1000,91,2,7,9,2,3624.4530023172288
1110,14,6,"rz, rx",circular,196,2800,98,2,3,7,2,3626.5592973187745
1111,11,6,"rz, rx, ry",circular,231,3200,87,4,6,5,2,3628.4139593159994
1112,10,7,"rx, rz, ry",circular,240,1000,94,2,5,7,2,3632.5106836568116
1113,14,4,rz,circular,70,5000,61,2,5,5,2,3633.2405405743352
1114,10,7,"rz, rx, ry",circular,240,4600,94,5,5,7,2,3637.9939104009763
1115,12,6,"ry, rx",circular,168,1500,86,4,5,9,2,3640.0826426056733
1116,11,6,"ry, rx",circular,154,2300,80,2,6,7,2,3640.727072280939
1117,11,7,rx,circular,88,2500,85,5,6,9,2,3641.335620338293
1118,15,4,"rz, ry",circular,150,2400,70,2,4,9,2,3641.6646459116723
1119,17,5,rx,circular,102,4400,91,3,7,6,2,3644.694665932311
1120,15,6,rz,circular,105,2500,97,2,5,8,2,3644.9020300640036
1121,13,3,rz,circular,52,4200,43,5,7,9,2,3648.9031844808833
1122,13,5,"rz, ry, rx",circular,234,4100,83,3,5,8,2,3649.1416768957915
1123,16,5,rz,circular,96,1800,86,3,4,9,2,3653.0236547889644
1124,11,6,rx,circular,77,2400,73,4,6,9,2,3657.7649487913964
1125,12,6,"rx, rz, ry",circular,252,3000,93,2,5,9,2,3665.385902883159
1126,17,5,"rx, ry",circular,204,3500,97,5,7,6,2,3667.599814145608
1127,15,5,"rz, ry, rx",circular,270,4900,93,4,3,9,2,3674.926110301847
1128,12,4,rx,circular,60,4900,53,5,6,8,2,3679.772038184487
1129,14,5,"rx, ry, rz",circular,252,4300,88,4,6,8,2,3681.578109876374
1130,13,6,rx,circular,91,4400,85,3,5,6,2,3681.9477347159104
1131,13,5,rz,circular,78,1700,71,3,5,9,2,3682.893786008053
1132,11,7,rz,circular,88,1900,85,5,5,8,2,3683.754964597721
1133,16,5,"rz, ry",circular,192,4300,92,2,7,8,2,3685.3686550270595
1134,16,4,"ry, rx, rz",circular,240,4900,79,2,3,9,2,3686.798674411172
1135,10,7,ry,circular,80,2000,78,5,7,7,2,3690.7503390853444
1136,15,4,"rx, rz, ry",circular,225,2600,75,5,5,7,2,3697.6298087228706
1137,20,4,"rz, rx",circular,200,4100,90,4,6,5,2,3705.1060651089156
1138,15,4,"ry, rx, rz",circular,225,3200,75,5,5,7,2,3705.7466940474815
1139,15,5,"rx, rz",circular,180,5000,87,2,5,7,2,3705.7876576408044
1140,10,8,"ry, rz",circular,180,3100,98,4,5,9,2,3707.767805771387
1141,14,3,"rx, ry, rz",circular,168,1300,54,2,6,8,2,3709.2966960923695
1142,12,6,"rz, ry",circular,168,4600,86,5,3,5,2,3713.177665957635
1143,14,6,ry,circular,98,1600,91,4,7,8,2,3715.803139007126
1144,10,7,"ry, rx, rz",circular,240,2500,94,3,7,9,2,3718.9649914431725
1145,13,6,"rx, rz",circular,182,2500,92,5,7,8,2,3720.2968518075136
1146,12,6,"rz, rx",circular,168,4200,86,2,5,5,2,3720.883214563897
1147,13,7,ry,circular,104,1200,99,4,4,5,2,3727.7252839779
1148,10,7,rx,circular,80,1000,78,2,4,6,2,3732.681348682055
1149,10,6,ry,circular,70,4900,67,5,7,9,2,3734.977862215888
1150,10,6,"rz, rx, ry",circular,210,3500,81,2,4,6,2,3735.2988574964315
1151,15,5,"rx, rz, ry",circular,270,2400,93,3,5,7,2,3740.7233886171193
1152,11,6,ry,circular,77,2400,73,5,3,7,2,3744.446078472693
1153,11,5,"ry, rx, rz",circular,198,3700,73,3,6,7,2,3746.014268705275
1154,10,5,"ry, rx",circular,120,1400,62,5,7,7,2,3751.139177650071
1155,19,4,"ry, rx, rz",circular,285,3400,91,4,6,5,2,3755.1647544750595
1156,21,4,"rz, ry, rx",circular,315,2900,99,4,7,6,2,3755.180473798788
1157,22,3,rx,circular,88,3900,70,3,4,8,2,3757.6157522119133
1158,23,4,rz,circular,115,1000,97,2,7,7,2,3763.18172698552
1159,14,5,rx,circular,84,2400,76,5,4,8,2,3767.651896731864
1160,10,7,"rz, rx",circular,160,3400,86,3,6,6,2,3769.7116716604705
1161,21,4,"ry, rx, rz",circular,315,1500,99,5,7,9,2,3771.0046055702705
1162,10,5,"rz, ry, rx",circular,180,4800,68,3,5,8,2,3780.9665416860244
1163,10,7,"rx, ry",circular,160,1000,86,3,3,6,2,3781.7052579050946
1164,11,6,rz,circular,77,2000,73,2,7,7,2,3783.5302120429524
1165,23,3,"rz, ry, rx",circular,276,4800,81,2,4,8,2,3786.241090503425
1166,12,5,rx,circular,72,3600,66,5,5,7,2,3787.4627603870376
1167,10,8,"rx, ry",circular,180,2400,98,3,3,9,2,3787.886436695111
1168,10,7,"rx, ry, rz",circular,240,2100,94,4,6,5,2,3790.0191587732797
1169,11,6,"ry, rz, rx",circular,231,3000,87,4,3,6,2,3793.5075914521417
1170,13,6,"rz, ry",circular,182,3400,92,2,3,8,2,3800.598972873563
1171,10,4,"rx, rz, ry",circular,150,3100,55,5,3,9,2,3802.9989211842426
1172,13,7,rx,circular,104,4300,99,4,6,6,2,3804.6375686298984
1173,10,6,"ry, rx",circular,140,4700,74,5,7,6,2,3804.9599882069774
1174,15,6,rx,circular,105,2700,97,3,4,7,2,3812.2415144456645
1175,17,5,ry,circular,102,3500,91,3,5,8,2,3815.0742482969868
1176,19,3,"ry, rx, rz",circular,228,1400,69,3,6,6,2,3820.087841611338
1177,12,6,rx,circular,84,2100,79,2,6,6,2,3821.9854839664154
1178,17,5,"ry, rx",circular,204,1900,97,2,4,9,2,3822.79237456696
1179,10,8,"rx, ry",circular,180,4300,98,4,7,7,2,3824.3086299124675
1180,17,5,"ry, rx",circular,204,1800,97,5,7,7,2,3825.940781971375
1181,22,3,"rz, ry",circular,176,2500,74,4,6,8,2,3833.562958108355
1182,14,5,rx,circular,84,2200,76,3,4,5,2,3834.1414985617707
1183,12,5,"rx, rz, ry",circular,216,1300,78,2,7,5,2,3838.4266567943805
1184,16,5,"ry, rx",circular,192,3500,92,3,6,8,2,3839.582793452155
1185,13,6,ry,circular,91,1600,85,3,7,8,2,3843.8446442778104
1186,10,5,"rx, rz",circular,120,1300,62,4,4,7,2,3845.093667282074
1187,13,6,rz,circular,91,1400,85,2,6,6,2,3845.6269516344105
1188,11,5,ry,circular,66,2300,61,4,7,9,2,3851.5346457582377
1189,13,6,"ry, rz, rx",circular,273,1700,99,5,3,5,2,3852.77777542627
1190,20,4,"rx, ry",circular,200,2900,90,5,5,5,2,3853.4512578211115
1191,10,6,"rz, rx, ry",circular,210,4300,81,4,4,6,2,3854.141312110906
1192,14,5,ry,circular,84,4800,76,3,4,9,2,3865.003830436026
1193,11,5,rx,circular,66,3000,61,4,7,7,2,3867.1436388003576
1194,12,6,rz,circular,84,4900,79,5,4,9,2,3870.1703326385637
1195,10,7,ry,circular,80,3900,78,3,4,6,2,3873.6520442602628
1196,21,4,"rx, ry, rz",circular,315,4000,99,5,3,9,2,3876.513533835175
1197,10,7,"rx, ry, rz",circular,240,3600,94,2,4,7,2,3884.354341657178
1198,10,3,"rz, ry, rx",circular,120,4100,42,4,4,6,2,3893.668962844443
1199,10,7,"rz, ry",circular,160,2100,86,3,4,9,2,3897.8397676063705
1200,18,5,rz,circular,108,4800,96,5,7,9,2,3902.7449598270814
1201,15,5,"rx, ry, rz",circular,270,2100,93,2,6,7,2,3906.152343189554
1202,11,7,rz,circular,88,3700,85,2,4,8,2,3912.7148764681606
1203,12,5,ry,circular,72,1600,66,5,7,5,2,3917.065013960916
1204,13,5,"rx, rz",circular,156,3100,77,2,5,7,2,3918.842973647701
1205,12,6,"ry, rz, rx",circular,252,2100,93,4,6,6,2,3921.0560069993303
1206,21,4,"rz, rx",circular,210,2300,94,2,5,6,2,3924.098768397754
1207,17,4,"ry, rz",circular,170,3200,78,2,4,7,2,3926.366382383958
1208,10,7,"ry, rz, rx",circular,240,4000,94,2,5,9,2,3927.007252434675
1209,10,7,"ry, rx, rz",circular,240,1600,94,4,6,9,2,3932.884404551776
1210,11,6,"rz, ry",circular,154,2800,80,3,7,6,2,3934.958394401291
1211,10,6,rz,circular,70,1900,67,5,7,7,2,3935.214301054923
1212,10,7,"rz, ry, rx",circular,240,1600,94,4,4,5,2,3943.857553955049
1213,20,4,"rz, ry",circular,200,3000,90,4,7,9,2,3945.222719530215
1214,12,6,"rx, ry",circular,168,2400,86,5,7,5,2,3949.0339053593143
1215,14,6,"rz, rx",circular,196,3100,98,4,6,6,2,3953.0444611420935
1216,13,4,"ry, rz",circular,130,3200,62,4,3,6,2,3962.513102273324
1217,14,5,"rx, ry",circular,168,4600,82,3,7,9,2,3965.5396205823877
1218,12,3,ry,circular,48,3000,40,4,5,5,2,3966.694072190072
1219,14,6,"rx, rz",circular,196,2400,98,5,6,5,2,3967.558133738331
1220,12,6,"rx, rz, ry",circular,252,4400,93,4,5,5,2,3979.5815899070585
1221,12,5,rz,circular,72,4000,66,5,7,5,2,3982.8466704180473
1222,13,5,"rx, ry, rz",circular,234,4000,83,4,3,5,2,3984.93087383713
1223,11,6,"ry, rx, rz",circular,231,1000,87,3,3,9,2,3984.9937058901687
1224,18,5,ry,circular,108,4300,96,2,3,5,2,3989.9612725234315
1225,25,3,"rx, rz, ry",circular,300,4800,87,5,5,6,2,3992.0243145096124
1226,10,7,rx,circular,80,4100,78,4,3,8,2,3997.064002914449
1227,16,4,rz,circular,80,1100,69,5,6,7,2,3998.3190332964514
1228,16,5,"ry, rx",circular,192,2600,92,3,5,8,2,4002.607808949467
1229,15,4,"rx, ry",circular,150,3000,70,5,3,6,2,4002.959448400928
1230,14,6,"rx, ry",circular,196,1800,98,5,6,7,2,4005.4342165529943
1231,10,7,rx,circular,80,1000,78,2,5,8,2,4009.1005039169986
1232,13,5,ry,circular,78,1100,71,4,3,5,2,4010.0006639358735
1233,21,3,"rx, ry, rz",circular,252,1100,75,5,3,8,2,4012.1666168025286
1234,10,6,ry,circular,70,3800,67,3,3,6,2,4013.7786294520683
1235,10,7,"ry, rx, rz",circular,240,1800,94,4,6,5,2,4015.6598378889485
1236,12,6,"rx, rz, ry",circular,252,4000,93,2,7,5,2,4019.8429883511026
1237,18,4,rz,circular,90,2000,77,5,6,5,2,4023.091541036415
1238,10,5,ry,circular,60,5000,56,5,7,7,2,4025.525146691829
1239,13,4,"ry, rx, rz",circular,195,1800,67,3,3,9,2,4026.4959889675642
1240,11,6,"ry, rz",circular,154,4900,80,3,6,9,2,4028.809210393141
1241,13,6,"rx, rz, ry",circular,273,1900,99,3,6,7,2,4030.1904533111515
1242,16,4,"rz, rx, ry",circular,240,2200,79,5,4,7,2,4032.362106133475
1243,12,6,ry,circular,84,4600,79,3,3,5,2,4035.202665106318
1244,12,5,"ry, rx",circular,144,4500,72,5,4,7,2,4043.8695310153525
1245,10,5,rx,circular,60,3400,56,5,4,9,2,4044.7222092474763
1246,11,7,ry,circular,88,2900,85,5,4,5,2,4047.7182132909193
1247,10,6,rx,circular,70,1400,67,2,5,6,2,4051.296279688278
1248,13,5,"ry, rz",circular,156,4800,77,3,6,5,2,4052.6315508581247
1249,10,6,"ry, rz, rx",circular,210,2800,81,3,6,7,2,4053.3164845991696
1250,11,5,"ry, rz",circular,132,4200,67,3,4,9,2,4054.686862976115
1251,14,5,rz,circular,84,3800,76,3,4,7,2,4057.108459718214
1252,12,5,"rx, ry",circular,144,2100,72,5,6,6,2,4057.6073100761873
1253,17,5,rx,circular,102,2900,91,2,5,5,2,4062.811245947074
1254,10,4,ry,circular,50,4600,45,2,5,6,2,4063.336348081428
1255,15,6,rx,circular,105,3800,97,4,4,7,2,4063.541120880086
1256,17,5,rz,circular,102,3900,91,3,6,9,2,4067.1634572581243
1257,12,6,"rx, rz",circular,168,2200,86,4,4,7,2,4069.957900621877
1258,10,7,"rx, ry, rz",circular,240,3300,94,5,3,6,2,4074.609175307474
1259,17,4,"rz, ry",circular,170,2600,78,4,5,5,2,4075.5464929319774
1260,21,4,"rx, ry",circular,210,2700,94,5,6,5,2,4081.9388722108897
1261,10,7,"rz, ry",circular,160,4800,86,5,4,6,2,4089.0559440109255
1262,11,6,"rx, rz",circular,154,2300,80,5,3,5,2,4092.406834511379
1263,17,5,"ry, rz",circular,204,2700,97,2,6,8,2,4093.274141530112
1264,12,6,"rx, rz",circular,168,2500,86,4,5,7,2,4094.503775352289
1265,20,3,rz,circular,80,4900,64,2,6,9,2,4095.0463887584956
1266,15,5,"rx, rz",circular,180,3100,87,4,4,9,2,4098.249989592892
1267,10,6,rz,circular,70,3700,67,3,4,7,2,4104.956389858585
1268,13,6,"ry, rz",circular,182,3400,92,3,7,8,2,4109.1700362207
1269,12,7,rz,circular,96,2500,92,5,7,6,2,4110.269874579144
1270,12,6,rz,circular,84,4000,79,5,4,7,2,4112.069138942974
1271,11,6,"rz, rx",circular,154,4600,80,5,7,8,2,4114.17755063342
1272,13,4,ry,circular,65,3400,57,4,3,5,2,4121.495528393721
1273,15,6,rx,circular,105,1600,97,3,3,8,2,4123.116611113182
1274,12,7,rx,circular,96,1200,92,3,4,9,2,4125.601879722407
1275,12,6,rz,circular,84,1100,79,5,3,7,2,4128.882058200955
1276,11,5,"rz, rx",circular,132,1900,67,5,5,6,2,4143.57454533294
1277,11,6,ry,circular,77,2400,73,3,5,5,2,4145.276819621295
1278,19,4,"ry, rx, rz",circular,285,4800,91,4,7,9,2,4147.179537244886
1279,12,7,rx,circular,96,4500,92,5,6,8,2,4147.349505784698
1280,14,5,"rx, rz, ry",circular,252,4900,88,5,6,5,2,4148.43170181017
1281,12,6,"ry, rx, rz",circular,252,2400,93,2,5,9,2,4152.808579546446
1282,14,6,"ry, rx",circular,196,4300,98,2,5,9,2,4155.391426578685
1283,14,5,"rx, ry, rz",circular,252,2100,88,3,3,9,2,4161.037660279826
1284,14,6,"rx, ry",circular,196,5000,98,3,6,5,2,4170.30090196034
1285,13,6,"rx, ry, rz",circular,273,4600,99,3,5,6,2,4171.633503026774
1286,14,6,rx,circular,98,1700,91,2,3,6,2,4175.1517133453235
1287,14,5,"rx, ry, rz",circular,252,4000,88,5,5,8,2,4176.429183933305
1288,14,3,"ry, rz",circular,112,3200,50,3,3,8,2,4181.1029841914105
1289,11,5,"rz, rx, ry",circular,198,1100,73,2,5,9,2,4189.962118425782
1290,11,7,ry,circular,88,2800,85,3,3,9,2,4193.674643132938
1291,13,6,rx,circular,91,1700,85,2,5,6,2,4201.828207343769
1292,14,6,"rz, rx",circular,196,2000,98,2,5,6,2,4202.378983749478
1293,13,3,rx,circular,52,4900,43,4,6,8,2,4207.654229673755
1294,13,5,rz,circular,78,3500,71,5,4,9,2,4210.384506000674
1295,12,3,"ry, rx, rz",circular,144,1400,48,3,4,6,2,4210.520122298195
1296,11,3,"rz, rx",circular,88,4600,41,2,5,6,2,4214.794188895833
1297,10,5,rz,circular,60,2200,56,4,7,6,2,4218.152226481093
1298,13,6,"rx, rz, ry",circular,273,4600,99,3,4,7,2,4218.729908852458
1299,14,5,"rz, ry, rx",circular,252,4700,88,3,7,5,2,4218.753800488662
1300,10,6,"ry, rx, rz",circular,210,3200,81,5,4,8,2,4221.400357612577
1301,14,6,"rz, rx",circular,196,2000,98,4,3,6,2,4221.4617471701395
1302,13,6,"ry, rx, rz",circular,273,2800,99,2,4,7,2,4223.381657987552
1303,12,5,rz,circular,72,4200,66,2,6,7,2,4230.275313665874
1304,14,3,rz,circular,56,4300,46,3,4,7,2,4234.677260762715
1305,14,5,ry,circular,84,4400,76,5,4,6,2,4234.8211839057285
1306,10,8,"rz, rx",circular,180,5000,98,5,4,6,2,4235.2031446754345
1307,11,5,"rx, rz, ry",circular,198,3000,73,3,3,7,2,4236.960352406719
1308,14,6,"ry, rx",circular,196,4300,98,2,6,7,2,4238.192740416082
1309,13,6,"rz, ry, rx",circular,273,3500,99,5,7,5,2,4240.784452216013
1310,20,4,"rx, rz",circular,200,2500,90,4,4,5,2,4240.999325318764
1311,16,5,rz,circular,96,3500,86,3,6,6,2,4246.136885969624
