job_id,num_qubits,depth,priority,arrival_time,num_shots,req_iterations,cpu_units,mem_bw
0,3,5,2,1.5085,1100,7,4,6
1,10,19,2,3.4468,700,5,7,14
2,4,18,2,3.4698,1500,3,4,8
3,14,9,2,3.6729,1600,3,9,19
4,4,9,2,3.8681,1400,4,4,8
5,3,15,2,4.5187,2000,7,4,6
6,11,11,2,4.7596,1200,7,8,15
7,13,5,2,5.7244,700,7,9,18
8,9,11,2,5.757,1800,7,7,13
9,9,9,2,7.0708,800,3,7,13
10,7,14,2,7.0912,1500,4,6,11
11,10,13,2,7.3646,500,7,7,14
12,6,20,2,7.6624,1800,6,5,10
13,7,16,2,8.5316,900,5,6,11
14,6,20,2,8.6577,1600,3,5,10
15,14,8,2,9.0317,500,4,9,19
16,9,17,2,9.3264,1000,6,7,13
17,6,6,2,9.4107,1500,4,5,10
18,10,5,2,9.5167,1900,6,7,14
19,10,18,2,9.5706,1100,7,7,14
20,7,13,2,9.815,1100,7,6,11
21,3,18,2,9.9608,1200,4,4,6
22,14,13,2,10.4927,1500,3,9,19
23,11,11,2,10.7386,900,4,8,15
24,5,8,2,11.5646,1400,3,5,9
25,15,15,2,13.0631,1500,6,10,20
26,9,5,2,13.4133,1200,6,7,13
27,6,13,2,14.8776,1600,3,5,10
28,12,5,2,15.7242,700,6,8,17
29,14,11,2,16.1271,800,4,9,19
30,13,19,2,16.3391,500,3,9,18
31,6,12,2,16.4616,500,4,5,10
32,5,15,2,16.8669,1400,4,5,9
33,5,13,2,17.9824,1200,5,5,9
34,14,13,2,19.0335,1600,7,9,19
35,15,16,2,21.4894,1400,5,10,20
36,11,12,2,22.2583,600,7,8,15
37,5,13,2,22.302,1200,4,5,9
38,5,8,2,22.5227,1500,3,5,9
39,10,14,2,22.5934,800,3,7,14
40,12,5,2,23.6616,1300,6,8,17
41,11,14,2,23.6851,1000,5,8,15
42,6,9,2,25.2764,800,4,5,10
43,14,10,2,25.775,700,6,9,19
44,10,11,2,26.3995,600,6,7,14
45,15,11,2,26.4426,1100,7,10,20
46,14,15,2,26.9602,2000,7,9,19
47,6,6,2,27.2863,800,5,5,10
48,5,18,2,27.4348,1000,3,5,9
49,11,14,2,27.6359,1100,3,8,15
50,13,16,2,30.507,800,5,9,18
51,10,19,2,30.8446,1800,6,7,14
52,14,13,2,30.8883,1500,5,9,19
53,13,18,2,31.5215,1300,5,9,18
54,9,8,2,32.6099,2000,5,7,13
55,10,16,2,32.7576,1100,5,7,14
56,15,14,2,33.094,1500,6,10,20
57,9,6,2,33.1093,800,4,7,13
58,10,16,2,33.3697,1400,5,7,14
59,7,10,2,33.7417,2000,5,6,11
60,9,17,2,34.1788,600,6,7,13
61,9,5,2,34.5093,500,7,7,13
62,9,16,2,34.5519,1400,7,7,13
63,3,13,2,34.6104,1500,3,4,6
64,7,14,2,35.453,1600,3,6,11
65,4,19,2,35.6183,900,4,4,8
66,3,15,2,35.9751,1100,6,4,6
67,12,5,2,37.9513,700,7,8,17
68,8,8,2,38.451,1600,6,6,12
69,5,8,2,38.7776,1600,6,5,9
70,13,14,2,39.3971,1300,6,9,18
71,9,7,2,39.4041,800,3,7,13
72,6,10,2,40.7976,1000,3,5,10
73,15,14,2,41.2544,1100,3,10,20
74,14,17,2,41.4113,1300,4,9,19
75,15,5,2,42.1195,1200,7,10,20
76,11,7,2,43.3593,1600,7,8,15
77,4,18,2,43.7338,2000,3,4,8
78,6,12,2,44.0771,1900,4,5,10
79,11,6,2,45.2241,1300,6,8,15
80,14,19,2,45.3993,900,6,9,19
81,12,5,2,45.6178,1900,6,8,17
82,4,13,2,46.4079,1600,3,4,8
83,10,14,2,46.608,1900,7,7,14
84,8,9,2,46.6769,1300,7,6,12
85,12,7,2,47.2616,1900,4,8,17
86,6,9,2,47.3748,1700,7,5,10
87,10,11,2,47.9763,1700,5,7,14
88,7,10,2,47.9773,1300,6,6,11
89,5,7,2,48.7987,1800,6,5,9
90,6,5,2,49.9803,1700,7,5,10
91,13,11,2,49.9965,1000,6,9,18
92,6,18,2,52.1193,2000,7,5,10
93,14,9,2,53.0682,1200,4,9,19
94,10,18,2,53.3686,800,7,7,14
95,11,12,2,54.7497,800,3,8,15
96,7,20,2,54.8582,1400,4,6,11
97,7,18,2,55.2611,700,7,6,11
98,13,11,2,55.605,1400,7,9,18
99,13,9,2,55.9178,1600,7,9,18
100,3,18,2,56.285,800,3,4,6
101,4,6,2,56.8632,1900,3,4,8
102,8,18,2,58.2937,1300,5,6,12
103,14,9,2,59.0423,1000,6,9,19
104,9,12,2,60.3777,700,3,7,13
105,9,6,2,60.8595,800,5,7,13
106,5,7,2,62.2789,1900,6,5,9
107,5,9,2,62.9448,1100,4,5,9
108,14,12,2,64.0459,600,3,9,19
109,12,17,2,64.5026,1800,5,8,17
110,3,10,2,65.04,1400,7,4,6
111,14,5,2,65.4607,1300,3,9,19
112,3,15,2,65.9035,1000,4,4,6
113,9,19,2,67.2381,900,7,7,13
114,8,18,2,67.4236,800,7,6,12
115,11,5,2,68.4286,1100,5,8,15
116,4,18,2,69.1068,1300,4,4,8
117,13,13,2,69.1746,500,6,9,18
118,13,18,2,69.1942,2000,3,9,18
119,13,18,2,69.6004,1700,7,9,18
120,3,13,2,70.0194,1100,6,4,6
121,12,19,2,70.4376,1300,5,8,17
122,15,20,2,70.7463,1800,5,10,20
123,7,16,2,70.8637,1700,4,6,11
124,15,20,2,71.0234,1700,3,10,20
125,4,12,2,71.4041,1000,3,4,8
126,11,12,2,71.8051,1000,6,8,15
127,5,13,2,72.1778,1300,6,5,9
128,9,10,2,72.5258,1500,7,7,13
129,6,19,2,74.3085,1500,3,5,10
130,14,8,2,74.8238,1800,4,9,19
131,15,19,2,74.9126,1200,6,10,20
132,15,18,2,76.4473,700,7,10,20
133,13,11,2,76.6043,900,6,9,18
134,11,14,2,77.3851,800,3,8,15
135,7,6,2,77.5485,700,4,6,11
136,5,16,2,78.5337,1200,7,5,9
137,7,8,2,78.9522,1200,6,6,11
138,15,8,2,78.9863,1700,6,10,20
139,7,6,2,79.7841,2000,5,6,11
140,13,6,2,80.6712,1200,5,9,18
141,4,18,2,81.4665,1200,7,4,8
142,12,7,2,81.6189,600,4,8,17
143,7,13,2,83.5834,1100,7,6,11
144,5,5,2,85.8527,1400,4,5,9
145,9,14,2,86.853,2000,5,7,13
146,14,5,2,88.4447,1900,5,9,19
147,3,15,2,88.5935,1500,4,4,6
148,7,20,2,88.8832,1700,7,6,11
149,5,16,2,90.175,1100,5,5,9
150,13,7,2,91.0843,1500,4,9,18
151,8,10,2,91.369,800,4,6,12
152,15,12,2,91.8112,700,6,10,20
153,13,16,2,91.9074,1800,6,9,18
154,15,20,2,91.9104,1900,3,10,20
155,13,13,2,92.3219,1500,3,9,18
156,14,15,2,92.3581,1400,5,9,19
157,14,12,2,92.9576,1500,6,9,19
158,6,9,2,93.8125,1400,5,5,10
159,12,9,2,94.8738,1200,7,8,17
160,14,10,2,95.1744,1700,5,9,19
161,13,19,2,95.8846,1100,3,9,18
162,6,16,2,97.1286,1100,3,5,10
163,14,16,2,97.4294,1200,4,9,19
164,3,17,2,97.608,900,7,4,6
165,11,13,2,98.539,1500,3,8,15
166,4,11,2,99.7759,1100,7,4,8
167,14,10,2,100.1784,800,5,9,19
168,7,16,2,100.6152,1400,7,6,11
169,4,12,2,102.334,1800,3,4,8
170,7,18,2,102.4653,2000,4,6,11
171,8,16,2,103.4779,1600,7,6,12
172,8,18,2,103.5518,600,3,6,12
173,11,9,2,103.7425,700,5,8,15
174,12,20,2,104.8401,1300,4,8,17
175,14,20,2,105.1489,800,3,9,19
176,3,18,2,105.8882,1300,3,4,6
177,4,9,2,106.0338,900,3,4,8
178,9,10,2,106.3148,1500,4,7,13
179,14,7,2,106.4051,1400,5,9,19
180,12,12,2,108.9807,1700,4,8,17
181,8,11,2,110.2937,900,7,6,12
182,11,14,2,110.7343,1500,4,8,15
183,7,17,2,110.9868,1000,5,6,11
184,6,9,2,112.3408,1700,6,5,10
185,13,16,2,113.2747,700,5,9,18
186,11,16,2,113.3701,2000,3,8,15
187,7,19,2,114.1059,500,6,6,11
188,14,19,2,114.4048,1600,6,9,19
189,12,12,2,117.0338,1000,4,8,17
190,9,14,2,117.2895,900,7,7,13
191,14,11,2,117.4838,900,5,9,19
192,13,14,2,117.8735,1100,3,9,18
193,10,17,2,118.3795,1000,6,7,14
194,3,13,2,118.4755,1500,4,4,6
195,15,16,2,118.5952,600,6,10,20
196,14,10,2,119.7328,1100,5,9,19
197,15,5,2,120.812,1100,6,10,20
198,9,11,2,121.4467,1000,5,7,13
199,14,15,2,121.5474,1400,4,9,19
200,5,6,2,121.6443,1000,5,5,9
201,4,9,2,121.7066,900,4,4,8
202,10,20,2,123.7029,1600,6,7,14
203,4,18,2,124.3011,1600,7,4,8
204,14,19,2,124.9727,900,3,9,19
205,10,17,2,125.6034,2000,6,7,14
206,5,20,2,125.7265,1300,6,5,9
207,4,16,2,125.7363,800,4,4,8
208,8,8,2,125.9819,1200,3,6,12
209,7,5,2,127.1868,800,3,6,11
210,5,19,2,127.3552,1100,5,5,9
211,8,9,2,127.5166,1400,3,6,12
212,3,20,2,127.5954,1000,7,4,6
213,7,11,2,128.2107,1100,4,6,11
214,15,12,2,128.5659,1000,5,10,20
215,8,17,2,128.5752,1100,7,6,12
216,7,10,2,129.3725,700,5,6,11
217,8,20,2,130.2238,900,3,6,12
218,8,19,2,130.6902,1200,4,6,12
219,5,13,2,131.2894,1800,4,5,9
220,12,20,2,131.7955,500,4,8,17
221,14,14,2,131.8746,800,6,9,19
222,9,6,2,132.126,500,6,7,13
223,7,7,2,132.5947,1800,4,6,11
224,9,10,2,132.9005,1800,5,7,13
225,6,15,2,133.1909,2000,5,5,10
226,11,14,2,133.2121,600,7,8,15
227,11,10,2,133.5414,1500,5,8,15
228,9,12,2,133.9876,1800,6,7,13
229,13,19,2,135.5493,1200,3,9,18
230,13,11,2,135.7695,700,7,9,18
231,15,6,2,137.586,1600,5,10,20
232,11,20,2,138.1148,1400,5,8,15
233,3,16,2,138.1192,500,5,4,6
234,3,11,2,138.8679,1400,4,4,6
235,12,8,2,138.8817,1300,5,8,17
236,9,17,2,140.4246,1000,7,7,13
237,6,16,2,141.3083,1900,4,5,10
238,5,17,2,141.94,1100,6,5,9
239,11,14,2,142.1693,1000,3,8,15
240,3,9,2,142.3295,800,7,4,6
241,11,6,2,142.4893,1400,5,8,15
242,3,14,2,142.544,1800,4,4,6
243,7,15,2,142.8857,1500,3,6,11
244,14,9,2,144.0845,1700,6,9,19
245,12,12,2,144.8338,600,7,8,17
246,13,11,2,145.2045,1100,5,9,18
247,5,18,2,145.3631,1500,4,5,9
248,12,19,2,145.8326,1900,5,8,17
249,7,14,2,147.184,1300,7,6,11
250,5,10,2,147.2989,1000,5,5,9
251,13,20,2,148.0346,700,4,9,18
252,10,15,2,148.6637,900,5,7,14
253,4,19,2,149.3338,500,5,4,8
254,13,14,2,149.6384,1000,4,9,18
255,11,16,2,149.6879,1700,6,8,15
256,7,14,2,149.9949,900,4,6,11
257,14,7,2,150.0255,1400,3,9,19
258,3,9,2,150.9291,2000,3,4,6
259,11,11,2,151.334,1800,7,8,15
260,10,15,2,152.0172,1600,6,7,14
261,8,13,2,152.9765,1000,6,6,12
262,14,20,2,153.6676,1800,5,9,19
263,15,13,2,153.7771,900,6,10,20
264,12,14,2,156.2159,1000,5,8,17
265,9,18,2,156.9274,600,6,7,13
266,9,19,2,157.2527,1500,6,7,13
267,14,7,2,158.4837,1600,6,9,19
268,14,11,2,158.5238,600,5,9,19
269,4,20,2,158.6797,800,4,4,8
270,5,12,2,158.8825,1000,6,5,9
271,12,12,2,159.8545,800,4,8,17
272,15,7,2,162.1589,2000,4,10,20
273,6,7,2,162.2383,2000,5,5,10
274,12,16,2,163.1124,900,3,8,17
275,13,12,2,163.2335,800,5,9,18
276,4,18,2,163.4845,600,6,4,8
277,6,5,2,163.8639,600,5,5,10
278,11,5,2,164.9051,500,3,8,15
279,6,13,2,165.0981,1500,3,5,10
280,10,14,2,166.6392,1900,3,7,14
281,12,17,2,166.8042,700,6,8,17
282,4,12,2,167.3752,1100,5,4,8
283,6,20,2,167.4627,900,5,5,10
284,12,13,2,167.9879,2000,7,8,17
285,14,10,2,168.3109,1200,6,9,19
286,11,15,2,168.3193,1900,4,8,15
287,6,6,2,168.5697,1200,7,5,10
288,10,7,2,168.9611,1700,5,7,14
289,15,10,2,170.0137,1700,5,10,20
290,3,14,2,171.8408,1500,5,4,6
291,7,5,2,172.0826,1000,6,6,11
292,6,11,2,173.3509,600,7,5,10
293,5,9,2,174.4549,600,3,5,9
294,3,20,2,174.7769,1900,5,4,6
295,9,15,2,176.1237,1900,5,7,13
296,10,19,2,176.1357,1500,4,7,14
297,8,7,2,177.5965,1700,3,6,12
298,14,16,2,178.6183,600,5,9,19
299,6,19,2,178.8172,1100,3,5,10
300,9,15,2,183.7562,700,3,7,13
301,8,14,2,183.945,1200,3,6,12
302,14,11,2,184.2077,1100,6,9,19
303,8,15,2,184.423,2000,7,6,12
304,14,19,2,184.9528,1900,4,9,19
305,12,11,2,185.5681,1700,6,8,17
306,13,7,2,186.8964,1600,3,9,18
307,9,19,2,188.0037,900,3,7,13
308,9,5,2,188.5189,1100,7,7,13
309,14,12,2,188.6247,1900,4,9,19
310,4,5,2,191.3595,1300,3,4,8
311,7,8,2,191.4298,800,4,6,11
312,7,10,2,191.4424,1400,6,6,11
313,7,6,2,192.0936,800,5,6,11
314,3,8,2,192.3271,2000,5,4,6
315,9,10,2,193.2017,1500,4,7,13
316,6,15,2,194.482,1700,7,5,10
317,14,14,2,194.4895,700,5,9,19
318,11,17,2,194.5464,1100,4,8,15
319,5,7,2,195.5926,1000,6,5,9
320,10,8,2,195.9065,1900,4,7,14
321,14,16,2,196.0709,500,4,9,19
322,5,11,2,197.6831,1000,7,5,9
323,4,9,2,198.342,1100,6,4,8
324,3,15,2,199.0466,1500,3,4,6
325,7,14,2,199.4022,900,7,6,11
326,14,14,2,200.1486,1500,6,9,19
327,13,12,2,200.7697,1300,7,9,18
328,7,18,2,200.8797,1500,7,6,11
329,12,10,2,201.67,600,3,8,17
330,4,8,2,201.8731,1500,7,4,8
331,10,9,2,202.8038,800,7,7,14
332,6,10,2,203.5363,1500,4,5,10
333,7,8,2,205.6665,1900,5,6,11
334,4,12,2,206.4685,1800,5,4,8
335,15,15,2,206.5535,1400,3,10,20
336,10,10,2,207.1024,1900,7,7,14
337,4,14,2,207.4787,1800,5,4,8
338,6,9,2,207.7405,1200,5,5,10
339,3,12,2,208.3358,1500,7,4,6
340,13,9,2,209.0828,1700,7,9,18
341,9,5,2,209.1869,1500,6,7,13
342,13,13,2,211.8654,1800,4,9,18
343,3,13,2,212.3747,600,4,4,6
344,8,9,2,213.2195,800,3,6,12
345,4,12,2,215.3215,1000,6,4,8
346,15,19,2,215.637,1600,4,10,20
347,6,15,2,215.9413,1900,5,5,10
348,3,7,2,216.0783,1300,3,4,6
349,14,16,2,216.6963,1500,4,9,19
350,10,11,2,217.2353,900,7,7,14
351,9,7,2,217.4852,800,4,7,13
352,8,17,2,218.5988,1600,7,6,12
353,14,8,2,218.636,700,5,9,19
354,13,20,2,219.0042,700,5,9,18
355,7,8,2,219.5081,1200,7,6,11
356,10,10,2,219.6935,1200,7,7,14
357,5,14,2,219.9675,600,6,5,9
358,15,18,2,220.1199,1000,5,10,20
359,5,5,2,220.1969,700,4,5,9
360,12,19,2,220.6576,1500,7,8,17
361,11,12,2,220.662,900,5,8,15
362,10,19,2,220.7829,1400,7,7,14
363,8,6,2,221.0363,1600,5,6,12
364,7,13,2,221.2828,1500,7,6,11
365,8,19,2,222.1701,700,4,6,12
366,8,19,2,222.2768,1100,6,6,12
367,9,15,2,223.2381,1300,6,7,13
368,12,5,2,224.3076,1900,3,8,17
369,7,18,2,224.4155,1600,5,6,11
370,14,12,2,224.5904,1800,7,9,19
371,5,7,2,226.6098,800,7,5,9
372,10,18,2,227.2818,600,6,7,14
373,4,11,2,228.0043,1200,6,4,8
374,10,7,2,228.0486,1600,4,7,14
375,5,16,2,228.2175,1400,3,5,9
376,6,12,2,229.8086,1100,3,5,10
377,13,18,2,229.953,800,7,9,18
378,6,17,2,230.8858,1800,4,5,10
379,11,16,2,230.8938,700,4,8,15
380,11,12,2,231.0291,1800,7,8,15
381,15,7,2,232.8889,500,3,10,20
382,15,18,2,232.9807,1500,7,10,20
383,13,10,2,234.6994,1400,5,9,18
384,6,6,2,235.0685,1400,7,5,10
385,3,18,2,235.72,600,5,4,6
386,6,14,2,235.7619,900,4,5,10
387,3,7,2,236.3156,900,4,4,6
388,3,10,2,236.3939,1500,3,4,6
389,10,15,2,237.5742,1700,4,7,14
390,11,12,2,238.2988,1300,5,8,15
391,9,11,2,238.4329,500,7,7,13
392,13,10,2,239.4335,1200,7,9,18
393,8,17,2,239.9248,1800,4,6,12
394,15,13,2,240.0886,800,6,10,20
395,12,9,2,240.782,2000,4,8,17
396,4,12,2,240.8332,900,4,4,8
397,10,13,2,240.8568,700,4,7,14
398,15,19,2,241.9769,1600,3,10,20
399,4,19,2,242.4955,1700,5,4,8
400,10,11,2,243.1601,1800,4,7,14
401,7,11,2,243.7489,800,5,6,11
402,10,9,2,244.2063,1900,7,7,14
403,3,5,2,245.9493,1700,3,4,6
404,14,15,2,245.9923,1500,5,9,19
405,12,7,2,247.0282,1200,4,8,17
406,13,5,2,247.1137,1000,4,9,18
407,5,8,2,248.2503,1800,3,5,9
408,8,18,2,249.6394,1700,4,6,12
409,7,5,2,250.9295,1100,5,6,11
410,12,8,2,252.0968,1000,6,8,17
411,5,20,2,252.8934,1300,3,5,9
412,6,13,2,253.264,1800,4,5,10
413,8,6,2,253.3387,1900,5,6,12
414,10,14,2,255.4561,1900,5,7,14
415,12,15,2,256.2209,1500,6,8,17
416,7,7,2,256.5084,700,4,6,11
417,6,12,2,258.5094,2000,3,5,10
418,12,16,2,258.7689,1300,7,8,17
419,5,12,2,259.379,1500,6,5,9
420,13,19,2,260.198,2000,3,9,18
421,5,15,2,261.7665,1600,4,5,9
422,6,12,2,262.3223,1200,6,5,10
423,13,5,2,264.3267,1200,3,9,18
424,14,9,2,264.3967,1300,4,9,19
425,6,17,2,264.9956,900,4,5,10
426,15,16,2,265.1242,1200,3,10,20
427,8,20,2,266.1426,1100,4,6,12
428,8,15,2,266.9934,1500,6,6,12
429,11,6,2,268.1929,1400,4,8,15
430,8,12,2,268.7516,1900,4,6,12
431,15,14,2,269.1665,900,7,10,20
432,3,18,2,270.166,900,3,4,6
433,10,16,2,270.3247,2000,5,7,14
434,11,17,2,271.2465,2000,6,8,15
435,3,8,2,271.4761,1700,3,4,6
436,12,16,2,272.1233,2000,7,8,17
437,6,8,2,273.4191,1300,7,5,10
438,8,6,2,274.951,2000,4,6,12
439,11,20,2,275.4538,800,3,8,15
440,12,17,2,277.2818,900,6,8,17
441,11,5,2,277.8056,2000,6,8,15
442,15,18,2,277.9061,800,5,10,20
443,4,13,2,279.21,1300,3,4,8
444,8,8,2,279.4587,1900,6,6,12
445,11,6,2,280.2736,900,5,8,15
446,15,15,2,281.7874,1200,5,10,20
447,12,15,2,283.2462,1100,6,8,17
448,5,11,2,283.3051,1200,4,5,9
449,5,7,2,283.6109,1500,6,5,9
450,13,11,2,283.8793,1200,7,9,18
451,10,12,2,285.0159,500,4,7,14
452,13,12,2,285.1386,1200,4,9,18
453,14,9,2,285.8113,900,6,9,19
454,15,10,2,286.2221,1700,7,10,20
455,4,6,2,287.1864,1600,4,4,8
456,6,7,2,287.9229,1900,7,5,10
457,8,13,2,288.1339,700,5,6,12
458,13,11,2,288.4193,1000,3,9,18
459,3,16,2,288.554,1200,3,4,6
460,3,5,2,289.8694,1600,7,4,6
461,7,8,2,290.0527,1800,7,6,11
462,9,12,2,290.3923,1200,4,7,13
463,12,5,2,290.652,1300,4,8,17
464,4,17,2,291.7883,1800,4,4,8
465,8,15,2,293.2138,600,5,6,12
466,13,17,2,293.5098,600,5,9,18
467,4,11,2,293.7597,1700,4,4,8
468,15,13,2,293.9526,1600,4,10,20
469,9,19,2,294.3319,600,7,7,13
470,3,9,2,294.6971,1000,6,4,6
471,11,7,2,295.0191,1400,3,8,15
472,10,19,2,296.4682,1200,7,7,14
473,14,19,2,296.9182,600,3,9,19
474,5,5,2,298.0987,1300,3,5,9
475,12,18,2,298.3667,1500,6,8,17
476,9,7,2,298.5652,2000,5,7,13
477,15,15,2,298.6203,800,6,10,20
478,10,18,2,299.7111,1500,4,7,14
479,15,9,2,302.3594,1400,5,10,20
480,4,16,2,302.3852,900,4,4,8
481,6,16,2,303.6276,1600,6,5,10
482,10,9,2,304.1118,1300,7,7,14
483,8,10,2,304.6344,1200,6,6,12
484,11,8,2,305.9332,1000,6,8,15
485,9,6,2,306.0126,900,5,7,13
486,7,10,2,306.4798,500,6,6,11
487,8,7,2,306.8185,1600,5,6,12
488,4,7,2,308.2924,1700,3,4,8
489,4,16,2,308.5446,1600,5,4,8
490,6,6,2,308.768,2000,4,5,10
491,10,9,2,310.0042,900,3,7,14
492,10,13,2,310.4023,800,5,7,14
493,3,8,2,311.437,1200,5,4,6
494,3,19,2,312.5507,1700,7,4,6
495,11,5,2,312.8253,1500,7,8,15
496,6,9,2,313.0551,1300,7,5,10
497,9,9,2,313.073,600,3,7,13
498,7,11,2,313.648,600,5,6,11
499,10,17,2,315.0276,1500,6,7,14
500,8,18,2,315.1757,1900,3,6,12
501,5,17,2,315.951,1400,4,5,9
502,5,15,2,316.4805,800,6,5,9
503,7,13,2,316.5535,1500,5,6,11
504,8,17,2,316.819,1800,4,6,12
505,11,5,2,317.3201,1800,3,8,15
506,5,10,2,318.4722,1200,3,5,9
507,14,19,2,319.9568,1500,7,9,19
508,7,15,2,320.4057,1300,7,6,11
509,12,6,2,321.6601,1600,7,8,17
510,10,20,2,322.3693,800,6,7,14
511,9,18,2,324.1816,1200,6,7,13
512,6,9,2,324.58,600,5,5,10
513,10,10,2,324.6852,800,4,7,14
514,4,14,2,325.8949,500,6,4,8
515,9,17,2,326.3959,1300,4,7,13
516,3,5,2,326.5821,800,7,4,6
517,13,7,2,326.6956,600,6,9,18
518,6,6,2,326.8097,500,4,5,10
519,13,18,2,326.9564,1000,4,9,18
520,9,8,2,328.8905,1200,7,7,13
521,12,17,2,329.2247,800,5,8,17
522,15,9,2,330.8332,1800,4,10,20
523,4,10,2,331.4834,1900,5,4,8
524,8,5,2,332.6764,600,7,6,12
525,11,18,2,333.0223,1100,6,8,15
526,11,13,2,333.664,700,4,8,15
527,3,18,2,333.8718,1000,6,4,6
528,14,9,2,334.0194,500,3,9,19
529,11,10,2,334.5413,1100,7,8,15
530,8,5,2,334.7738,1200,7,6,12
531,8,9,2,334.8287,700,3,6,12
532,15,14,2,334.9203,500,4,10,20
533,3,10,2,335.3989,700,3,4,6
534,10,9,2,335.7221,1900,6,7,14
535,15,5,2,335.7438,1300,5,10,20
536,12,12,2,336.3319,500,6,8,17
537,9,15,2,336.3891,1900,6,7,13
538,10,10,2,336.9693,1100,6,7,14
539,8,12,2,338.372,1400,6,6,12
540,15,9,2,340.1421,500,4,10,20
541,10,7,2,340.4274,1900,3,7,14
542,8,9,2,341.0399,900,5,6,12
543,13,7,2,341.3007,700,7,9,18
544,12,15,2,342.4578,1000,5,8,17
545,8,16,2,344.0759,800,7,6,12
546,8,8,2,344.4931,2000,7,6,12
547,10,8,2,345.2776,900,7,7,14
548,10,13,2,345.3225,900,4,7,14
549,14,17,2,346.812,1700,4,9,19
550,11,12,2,347.1004,1200,5,8,15
551,6,9,2,349.0422,600,7,5,10
552,7,10,2,349.578,1800,4,6,11
553,9,9,2,349.8824,2000,4,7,13
554,7,14,2,350.0661,1300,3,6,11
555,13,8,2,350.2725,800,4,9,18
556,3,11,2,350.5788,1600,7,4,6
557,3,17,2,353.3781,1500,7,4,6
558,5,15,2,353.886,500,5,5,9
559,14,20,2,353.8969,800,5,9,19
560,13,8,2,355.9096,2000,7,9,18
561,14,11,2,356.0101,500,6,9,19
562,4,14,2,356.8034,900,7,4,8
563,8,10,2,357.298,1200,4,6,12
564,14,16,2,357.7662,900,4,9,19
565,5,18,2,358.017,1100,3,5,9
566,13,10,2,359.1898,500,5,9,18
567,5,9,2,359.7886,900,7,5,9
568,12,18,2,359.9302,700,7,8,17
569,11,9,2,360.1261,700,5,8,15
570,13,13,2,360.6862,600,4,9,18
571,4,18,2,361.6668,700,4,4,8
572,15,8,2,363.2795,1100,4,10,20
573,15,13,2,363.3626,500,5,10,20
574,12,6,2,364.2444,500,5,8,17
575,5,10,2,364.3382,1800,4,5,9
576,3,12,2,365.0602,1500,4,4,6
577,15,17,2,365.4571,1700,6,10,20
578,3,17,2,365.5686,700,5,4,6
579,7,16,2,365.6046,800,3,6,11
580,6,8,2,367.4099,1700,6,5,10
581,12,11,2,367.4685,1600,6,8,17
582,11,18,2,367.5426,1800,3,8,15
583,6,10,2,367.8701,1600,7,5,10
584,8,5,2,369.076,1400,7,6,12
585,13,8,2,369.8034,1700,7,9,18
586,13,13,2,370.3789,900,7,9,18
587,6,11,2,374.2546,2000,6,5,10
588,9,20,2,374.7894,800,7,7,13
589,10,15,2,374.9733,1700,7,7,14
590,3,15,2,375.8782,1100,7,4,6
591,12,7,2,376.0939,1000,3,8,17
592,10,6,2,377.1567,2000,5,7,14
593,8,19,2,378.3247,2000,7,6,12
594,12,20,2,378.3541,500,7,8,17
595,10,5,2,378.7377,1400,7,7,14
596,10,19,2,379.6821,1400,4,7,14
597,15,6,2,380.7066,1300,3,10,20
598,15,15,2,381.4276,700,3,10,20
599,15,6,2,383.6622,2000,7,10,20
600,10,19,2,384.9046,600,4,7,14
601,7,18,2,385.3066,800,3,6,11
602,12,17,2,385.797,1700,3,8,17
603,5,6,2,387.7756,1900,3,5,9
604,14,17,2,388.2142,1200,5,9,19
605,3,15,2,388.3606,2000,6,4,6
606,14,5,2,390.052,1900,3,9,19
607,13,20,2,390.2341,1400,6,9,18
608,5,14,2,390.2876,2000,6,5,9
609,15,7,2,390.4023,700,6,10,20
610,8,19,2,391.1711,900,3,6,12
611,3,12,2,392.0957,900,6,4,6
612,15,5,2,392.5524,1300,6,10,20
613,14,17,2,392.78,1100,7,9,19
614,6,9,2,395.4404,700,7,5,10
615,3,13,2,395.786,500,3,4,6
616,8,17,2,396.4769,1300,4,6,12
617,15,8,2,396.7397,700,7,10,20
618,14,10,2,397.2567,1300,6,9,19
619,15,10,2,397.4898,800,6,10,20
620,11,12,2,397.6339,1400,4,8,15
621,3,16,2,400.7231,1000,4,4,6
622,3,14,2,401.4058,800,3,4,6
623,8,14,2,401.7004,1000,7,6,12
624,14,9,2,402.2831,1700,4,9,19
625,15,11,2,402.7325,1300,5,10,20
626,5,12,2,402.9666,800,4,5,9
627,9,20,2,403.3625,1100,6,7,13
628,9,9,2,403.7405,1000,7,7,13
629,7,20,2,404.0982,900,7,6,11
630,15,17,2,405.2987,1700,3,10,20
631,5,8,2,405.3669,1900,6,5,9
632,11,20,2,406.4286,1400,6,8,15
633,13,7,2,406.6942,1400,7,9,18
634,14,16,2,408.2856,1900,5,9,19
635,11,8,2,409.4153,1500,3,8,15
636,8,18,2,409.6127,1300,5,6,12
637,14,13,2,410.5363,1500,4,9,19
638,8,10,2,411.1566,1300,6,6,12
639,5,13,2,411.3746,1400,6,5,9
640,6,9,2,411.8831,500,3,5,10
641,11,13,2,412.1324,1800,6,8,15
642,15,7,2,412.2827,2000,6,10,20
643,10,7,2,412.4601,500,4,7,14
644,15,19,2,413.2049,600,7,10,20
645,13,17,2,413.342,1100,6,9,18
646,4,19,2,413.7683,500,7,4,8
647,8,12,2,414.3672,2000,6,6,12
648,11,10,2,414.6049,800,7,8,15
649,7,13,2,414.9063,600,4,6,11
650,9,5,2,416.7861,600,3,7,13
651,8,20,2,417.8943,800,3,6,12
652,10,5,2,418.1823,1600,7,7,14
653,12,8,2,418.3834,1700,3,8,17
654,13,17,2,418.3963,800,4,9,18
655,4,19,2,419.686,1500,3,4,8
656,14,7,2,419.7746,900,6,9,19
657,13,11,2,420.3763,1900,6,9,18
658,12,5,2,420.4716,1100,3,8,17
659,9,17,2,421.1549,1800,5,7,13
660,11,7,2,421.998,500,7,8,15
661,6,9,2,422.6362,1200,3,5,10
662,3,15,2,423.7803,900,3,4,6
663,4,7,2,425.9228,1500,6,4,8
664,7,20,2,426.4642,500,3,6,11
665,14,11,2,426.783,1200,7,9,19
666,10,12,2,427.6246,600,6,7,14
667,15,16,2,428.0773,1800,6,10,20
668,13,5,2,428.4601,1400,7,9,18
669,8,13,2,428.615,600,6,6,12
670,7,16,2,429.2656,800,4,6,11
671,12,13,2,429.384,500,3,8,17
672,3,20,2,430.0392,900,5,4,6
673,11,5,2,432.2936,1400,3,8,15
674,3,14,2,432.3159,1200,7,4,6
675,10,8,2,433.5888,1800,7,7,14
676,5,19,2,433.8025,1100,5,5,9
677,5,8,2,434.2646,1200,4,5,9
678,13,8,2,434.5639,1700,5,9,18
679,4,11,2,434.9687,1700,3,4,8
680,3,19,2,436.8199,500,4,4,6
681,9,9,2,437.7379,500,5,7,13
682,10,9,2,438.4378,1600,3,7,14
683,9,18,2,438.8039,1200,5,7,13
684,3,14,2,439.7495,1700,6,4,6
685,3,16,2,440.4029,1800,6,4,6
686,12,15,2,443.1846,1400,7,8,17
687,15,17,2,443.2388,1100,6,10,20
688,3,7,2,443.795,600,6,4,6
689,4,17,2,444.1089,1400,4,4,8
690,10,12,2,444.1286,1400,6,7,14
691,11,16,2,444.9404,900,7,8,15
692,3,9,2,447.8295,1500,7,4,6
693,5,16,2,447.9083,1200,4,5,9
694,13,16,2,449.9385,600,6,9,18
695,9,16,2,452.1639,600,7,7,13
696,5,18,2,452.2079,1600,6,5,9
697,7,14,2,453.0535,1100,4,6,11
698,5,5,2,455.1821,500,3,5,9
699,3,18,2,455.2043,1400,6,4,6
700,13,13,2,457.753,900,5,9,18
701,13,15,2,458.3889,1500,7,9,18
702,6,19,2,458.4945,1200,6,5,10
703,6,6,2,458.7048,1300,4,5,10
704,9,15,2,458.9921,1800,5,7,13
705,14,6,2,459.3305,1000,6,9,19
706,11,18,2,459.8405,600,5,8,15
707,12,9,2,460.0238,1600,4,8,17
708,15,7,2,460.2045,1700,6,10,20
709,13,9,2,460.5276,500,6,9,18
710,11,11,2,460.9105,1300,5,8,15
711,3,12,2,461.3647,700,6,4,6
712,10,10,2,461.6874,900,4,7,14
713,8,13,2,461.8595,700,3,6,12
714,10,13,2,462.6219,1700,3,7,14
715,10,16,2,463.5681,1300,5,7,14
716,3,8,2,463.7455,1900,6,4,6
717,12,18,2,464.1026,1500,4,8,17
718,7,18,2,464.5116,1100,4,6,11
719,3,5,2,464.8432,1700,5,4,6
720,5,11,2,465.3858,500,7,5,9
721,5,9,2,466.3164,1200,5,5,9
722,6,9,2,468.0554,500,3,5,10
723,14,11,2,468.8664,1500,5,9,19
724,10,9,2,469.5247,1500,4,7,14
725,14,15,2,471.1199,900,4,9,19
726,15,20,2,471.9902,1700,4,10,20
727,7,8,2,472.1325,1900,7,6,11
728,12,9,2,472.9006,900,4,8,17
729,9,13,2,473.1002,1300,6,7,13
730,3,8,2,473.6198,1100,4,4,6
731,6,5,2,473.9065,1400,4,5,10
732,5,9,2,474.37,1900,7,5,9
733,13,17,2,478.102,1700,4,9,18
734,8,13,2,479.0342,600,5,6,12
735,15,17,2,479.1147,900,3,10,20
736,6,10,2,480.7493,1200,5,5,10
737,11,12,2,480.8685,1200,6,8,15
738,4,19,2,481.1563,1300,7,4,8
739,10,14,2,481.4265,1700,3,7,14
740,8,14,2,482.4417,600,3,6,12
741,7,5,2,482.5153,1300,4,6,11
742,6,11,2,483.7293,800,5,5,10
743,3,5,2,484.0411,500,4,4,6
744,13,9,2,484.4017,1600,5,9,18
745,6,13,2,486.3282,600,5,5,10
746,10,15,2,487.6201,1100,4,7,14
747,15,6,2,487.9994,1700,3,10,20
748,14,17,2,488.4936,2000,4,9,19
749,12,14,2,489.3869,1500,7,8,17
750,7,12,2,489.5412,1500,7,6,11
751,11,9,2,490.6019,1700,5,8,15
752,5,16,2,490.7955,1800,4,5,9
753,9,11,2,492.0854,1800,5,7,13
754,10,12,2,492.5092,1700,5,7,14
755,3,6,2,492.8056,600,7,4,6
756,3,15,2,493.1447,1900,6,4,6
757,6,11,2,493.3356,2000,3,5,10
758,9,9,2,494.7499,1500,5,7,13
759,6,6,2,494.8969,800,5,5,10
760,7,18,2,494.9579,1600,6,6,11
761,13,12,2,495.1174,1900,7,9,18
762,15,17,2,495.3825,1800,3,10,20
763,6,13,2,496.751,1900,6,5,10
764,9,16,2,498.6388,600,3,7,13
765,4,17,2,498.9397,1900,5,4,8
766,10,18,2,499.155,1500,5,7,14
767,10,13,2,499.4857,1800,5,7,14
768,11,7,2,500.612,1600,5,8,15
769,8,13,2,501.5198,1700,7,6,12
770,10,6,2,502.328,500,6,7,14
771,13,20,2,502.6745,700,5,9,18
772,15,17,2,502.9952,500,6,10,20
773,13,20,2,503.2204,1500,7,9,18
774,3,18,2,503.3438,1000,5,4,6
775,5,12,2,504.1478,1100,4,5,9
776,13,15,2,504.3793,2000,7,9,18
777,15,14,2,505.0866,900,6,10,20
778,9,12,2,505.4723,1600,7,7,13
779,4,11,2,506.3573,900,3,4,8
780,11,16,2,506.375,500,5,8,15
781,4,8,2,507.6781,1500,7,4,8
782,5,15,2,507.9629,500,7,5,9
783,5,7,2,509.9778,1700,6,5,9
784,7,18,2,510.0314,1000,4,6,11
785,13,9,2,511.4477,1000,7,9,18
786,4,5,2,512.1049,1100,6,4,8
787,10,12,2,512.1742,1600,5,7,14
788,12,7,2,512.8167,700,3,8,17
789,7,7,2,513.5986,700,7,6,11
790,6,9,2,513.7339,2000,5,5,10
791,12,10,2,514.3824,700,4,8,17
792,12,13,2,514.3832,600,5,8,17
793,9,16,2,514.4931,600,6,7,13
794,4,12,2,515.1375,1200,5,4,8
795,6,8,2,515.3735,1600,5,5,10
796,6,13,2,515.8108,500,3,5,10
797,11,9,2,516.5574,900,7,8,15
798,10,16,2,516.7238,1400,6,7,14
799,3,9,2,516.992,1200,4,4,6
800,11,18,2,517.089,1900,3,8,15
801,9,8,2,517.7744,1800,3,7,13
802,13,14,2,518.1881,1800,7,9,18
803,9,18,2,518.5721,1900,3,7,13
804,8,12,2,518.6086,1000,7,6,12
805,3,8,2,518.9389,1200,4,4,6
806,13,8,2,519.2306,500,5,9,18
807,12,9,2,519.2575,600,6,8,17
808,8,13,2,519.5698,700,5,6,12
809,11,17,2,519.6222,1500,6,8,15
810,12,10,2,519.9004,1400,7,8,17
811,14,17,2,519.9504,500,4,9,19
812,5,15,2,520.6171,1300,3,5,9
813,10,19,2,521.0468,1500,7,7,14
814,7,20,2,521.0794,2000,7,6,11
815,7,16,2,521.1698,2000,5,6,11
816,4,9,2,523.1612,1400,6,4,8
817,4,10,2,523.3356,1300,6,4,8
818,8,14,2,524.4437,1600,6,6,12
819,11,11,2,524.5225,1900,4,8,15
820,8,19,2,524.715,1200,4,6,12
821,9,18,2,525.2842,800,3,7,13
822,10,18,2,525.7481,1900,6,7,14
823,10,5,2,526.9691,1000,7,7,14
824,10,10,2,527.9695,1900,5,7,14
825,10,11,2,528.0448,1900,7,7,14
826,15,13,2,528.5529,1200,3,10,20
827,8,17,2,528.8633,2000,5,6,12
828,14,16,2,529.7572,1500,7,9,19
829,5,7,2,529.9013,1000,6,5,9
830,4,16,2,531.1955,1500,7,4,8
831,6,6,2,531.3484,1600,5,5,10
832,10,10,2,531.841,1900,5,7,14
833,4,16,2,533.5289,800,5,4,8
834,12,20,2,533.8009,1600,6,8,17
835,5,17,2,535.2605,2000,6,5,9
836,13,19,2,535.7979,600,6,9,18
837,10,19,2,536.1791,1400,5,7,14
838,11,9,2,536.4691,1100,4,8,15
839,6,11,2,536.902,1500,7,5,10
840,6,10,2,536.9815,1400,3,5,10
841,8,14,2,537.0297,1300,6,6,12
842,3,12,2,539.7315,1200,6,4,6
843,5,15,2,540.1648,1400,4,5,9
844,4,7,2,540.2757,800,3,4,8
845,6,11,2,540.9836,1000,5,5,10
846,7,5,2,541.1498,600,5,6,11
847,15,13,2,541.641,1100,3,10,20
848,15,10,2,541.6837,800,6,10,20
849,11,17,2,542.3333,1900,6,8,15
850,13,15,2,543.3149,1600,6,9,18
851,15,20,2,544.5476,800,3,10,20
852,7,5,2,546.1563,1000,3,6,11
853,7,14,2,547.129,1400,6,6,11
854,3,13,2,547.2274,800,7,4,6
855,7,20,2,547.3047,1200,3,6,11
856,4,16,2,547.4613,600,5,4,8
857,13,16,2,548.2841,1600,7,9,18
858,6,16,2,550.5174,1700,6,5,10
859,4,5,2,550.5634,800,3,4,8
860,11,16,2,551.6845,1800,3,8,15
861,9,11,2,551.7072,800,4,7,13
862,14,20,2,552.5162,1300,3,9,19
863,9,15,2,552.8453,700,3,7,13
864,4,19,2,553.4343,1700,4,4,8
865,10,6,2,553.7982,800,7,7,14
866,6,6,2,554.1704,1500,3,5,10
867,9,5,2,555.2092,900,6,7,13
868,12,14,2,557.6184,1700,5,8,17
869,6,18,2,557.8335,800,7,5,10
870,6,10,2,558.2517,900,3,5,10
871,4,5,2,558.4009,1900,3,4,8
872,11,13,2,558.6804,1600,5,8,15
873,5,9,2,558.8974,1000,4,5,9
874,13,13,2,559.7732,1000,7,9,18
875,6,6,2,561.1504,1400,7,5,10
876,11,13,2,561.6853,900,4,8,15
877,14,9,2,564.2192,800,5,9,19
878,13,14,2,564.749,1800,7,9,18
879,15,15,2,564.942,1100,3,10,20
880,8,17,2,565.5924,1500,5,6,12
881,9,7,2,568.9153,1800,4,7,13
882,14,13,2,569.3147,900,5,9,19
883,4,11,2,569.5766,900,5,4,8
884,9,8,2,569.672,1300,3,7,13
885,6,13,2,570.2813,500,4,5,10
886,3,16,2,570.6218,1600,3,4,6
887,15,13,2,570.8167,1100,5,10,20
888,12,13,2,570.8295,1700,7,8,17
889,11,19,2,570.8631,1300,4,8,15
890,9,6,2,571.2519,1500,4,7,13
891,10,6,2,572.2816,500,5,7,14
892,3,10,2,572.3438,600,7,4,6
893,7,7,2,573.056,900,3,6,11
894,12,5,2,574.187,1800,5,8,17
895,3,19,2,577.5933,1500,5,4,6
896,7,6,2,578.0219,1000,5,6,11
897,4,20,2,578.5485,1500,5,4,8
898,5,20,2,580.3986,1400,7,5,9
899,12,17,2,581.7747,800,4,8,17
900,5,5,2,581.9554,1900,3,5,9
901,7,20,2,583.1299,1300,4,6,11
902,7,18,2,583.6563,1400,6,6,11
903,10,9,2,584.1098,2000,3,7,14
904,13,12,2,584.345,900,4,9,18
905,10,16,2,584.678,500,4,7,14
906,4,9,2,585.4409,1400,4,4,8
907,7,7,2,586.2502,1200,4,6,11
908,11,5,2,587.029,1600,5,8,15
909,6,5,2,587.2995,700,3,5,10
910,10,20,2,588.1504,1600,5,7,14
911,14,15,2,588.176,1900,6,9,19
912,15,15,2,588.1774,1900,7,10,20
913,10,15,2,588.6302,1800,4,7,14
914,6,9,2,588.7589,1000,3,5,10
915,9,19,2,590.0773,1500,3,7,13
916,9,13,2,591.4999,1600,6,7,13
917,10,13,2,592.8888,1000,6,7,14
918,8,5,2,593.0136,1300,5,6,12
919,6,15,2,593.1412,800,3,5,10
920,15,12,2,593.2426,500,7,10,20
921,9,11,2,593.7237,1600,6,7,13
922,12,9,2,593.7304,700,7,8,17
923,15,5,2,594.1691,800,3,10,20
924,11,20,2,594.5581,500,6,8,15
925,9,15,2,596.5387,1600,5,7,13
926,13,12,2,597.0621,1500,5,9,18
927,5,13,2,597.104,1800,6,5,9
928,13,17,2,597.843,1400,3,9,18
929,7,6,2,598.6637,1700,4,6,11
930,14,8,2,598.8336,700,4,9,19
931,15,14,2,599.7901,500,3,10,20
932,14,15,2,600.2146,900,5,9,19
933,11,12,2,601.2156,1600,7,8,15
934,9,14,2,602.1341,1800,3,7,13
935,9,20,2,602.5897,1700,5,7,13
936,15,8,2,603.7604,600,6,10,20
937,9,11,2,604.9566,600,6,7,13
938,9,19,2,605.0035,1300,5,7,13
939,13,16,2,605.5714,600,5,9,18
940,3,18,2,608.0191,800,6,4,6
941,3,8,2,609.1504,2000,6,4,6
942,12,11,2,609.9256,1000,7,8,17
943,10,18,2,610.5877,500,5,7,14
944,3,19,2,611.5888,700,4,4,6
945,12,19,2,611.893,1000,7,8,17
946,11,18,2,612.681,1700,4,8,15
947,4,14,2,614.701,2000,3,4,8
948,3,11,2,615.167,1000,7,4,6
949,8,10,2,615.9707,1500,6,6,12
950,11,8,2,616.3357,2000,6,8,15
951,9,12,2,616.4304,700,6,7,13
952,9,14,2,617.1272,900,6,7,13
953,7,19,2,617.388,1300,7,6,11
954,4,16,2,617.5774,500,5,4,8
955,12,16,2,619.3651,600,6,8,17
956,3,18,2,619.5103,2000,6,4,6
957,12,16,2,619.5336,800,7,8,17
958,12,15,2,619.6789,800,6,8,17
959,3,12,2,620.0657,1900,5,4,6
960,5,15,2,620.5617,1500,4,5,9
961,14,11,2,621.4669,1400,5,9,19
962,7,17,2,621.9847,1600,5,6,11
963,15,11,2,622.4478,900,7,10,20
964,7,18,2,624.0235,2000,7,6,11
965,8,6,2,624.1686,1700,7,6,12
966,11,14,2,624.3173,2000,3,8,15
967,12,20,2,624.7146,1600,7,8,17
968,8,14,2,625.3916,1900,7,6,12
969,6,15,2,626.0592,2000,4,5,10
970,12,10,2,627.4508,500,4,8,17
971,4,11,2,628.1659,1100,3,4,8
972,13,5,2,628.6569,2000,3,9,18
973,12,6,2,628.9191,600,6,8,17
974,13,6,2,630.7831,800,4,9,18
975,14,16,2,631.2184,1600,4,9,19
976,8,6,2,632.4671,1800,7,6,12
977,8,15,2,633.7931,1400,5,6,12
978,15,11,2,635.1194,1000,5,10,20
979,4,17,2,636.0946,800,5,4,8
980,7,5,2,636.276,1700,4,6,11
981,14,10,2,636.636,1700,7,9,19
982,8,15,2,636.7705,1800,5,6,12
983,14,18,2,638.3069,1800,6,9,19
984,3,11,2,638.5748,1000,6,4,6
985,12,18,2,639.9021,1300,6,8,17
986,9,19,2,640.0768,1200,4,7,13
987,8,17,2,640.4385,1900,7,6,12
988,3,12,2,640.82,1500,5,4,6
989,11,6,2,640.9902,1900,5,8,15
990,13,20,2,641.2323,1500,6,9,18
991,4,9,2,641.3506,1500,3,4,8
992,8,16,2,641.483,700,6,6,12
993,11,20,2,642.0939,2000,4,8,15
994,8,13,2,642.7468,1700,6,6,12
995,4,19,2,643.2224,1900,6,4,8
996,5,9,2,643.8335,900,5,5,9
997,6,8,2,643.9593,1200,6,5,10
998,4,14,2,644.687,1000,7,4,8
999,8,18,2,645.3938,2000,3,6,12
1000,3,20,2,645.9346,700,3,4,6
1001,7,8,2,647.4736,500,6,6,11
1002,6,20,2,649.0849,1000,5,5,10
1003,14,13,2,649.1308,1900,4,9,19
1004,6,16,2,649.426,1200,6,5,10
1005,5,19,2,650.5216,800,5,5,9
1006,12,10,2,651.5448,1200,4,8,17
1007,14,6,2,651.722,1200,3,9,19
1008,5,18,2,651.9655,600,4,5,9
1009,8,15,2,652.1327,1600,7,6,12
1010,12,17,2,652.1583,1800,4,8,17
1011,7,16,2,652.7404,1200,6,6,11
1012,5,11,2,654.5696,500,4,5,9
1013,3,19,2,655.1705,1900,6,4,6
1014,13,7,2,656.3705,900,6,9,18
1015,13,17,2,656.6567,2000,5,9,18
1016,10,18,2,656.825,1400,7,7,14
1017,3,10,2,657.4245,2000,3,4,6
1018,12,14,2,658.3428,700,4,8,17
1019,12,15,2,658.47,1700,6,8,17
1020,12,5,2,659.153,1400,5,8,17
1021,11,15,2,659.1792,1200,7,8,15
1022,13,7,2,659.8484,1800,3,9,18
1023,8,13,2,660.7392,1400,3,6,12
1024,12,17,2,660.9121,2000,6,8,17
1025,12,7,2,663.6617,500,4,8,17
1026,9,17,2,663.7293,600,4,7,13
1027,5,10,2,665.7364,1400,5,5,9
1028,5,14,2,666.2357,2000,5,5,9
1029,13,14,2,668.193,700,3,9,18
1030,8,8,2,669.6204,1400,3,6,12
1031,15,13,2,669.7478,900,4,10,20
1032,11,14,2,670.4818,1600,7,8,15
1033,4,8,2,670.9536,1300,6,4,8
1034,14,16,2,670.978,1500,3,9,19
1035,14,14,2,670.9786,1300,3,9,19
1036,14,10,2,671.0143,1400,4,9,19
1037,8,5,2,672.005,800,5,6,12
1038,12,9,2,672.8676,500,3,8,17
1039,12,17,2,673.3251,1000,7,8,17
1040,11,11,2,673.9294,1300,6,8,15
1041,10,14,2,675.3057,1900,7,7,14
1042,14,17,2,675.8238,1000,7,9,19
1043,4,11,2,677.7476,1800,5,4,8
1044,9,19,2,678.4374,1400,5,7,13
1045,12,20,2,680.1188,1600,7,8,17
1046,7,16,2,680.2137,1500,5,6,11
1047,4,19,2,680.4204,1000,4,4,8
1048,11,9,2,680.6945,1500,4,8,15
1049,14,19,2,680.791,1500,5,9,19
1050,5,12,2,681.0599,2000,6,5,9
1051,7,20,2,682.6946,1900,5,6,11
1052,15,17,2,683.1721,1700,7,10,20
1053,7,9,2,684.1951,1400,7,6,11
1054,14,20,2,684.3816,800,3,9,19
1055,14,15,2,685.3241,1900,5,9,19
1056,13,15,2,685.3796,500,6,9,18
1057,7,17,2,686.2504,600,5,6,11
1058,4,20,2,686.8907,800,4,4,8
1059,9,12,2,687.3951,1100,7,7,13
1060,14,17,2,687.5974,1900,3,9,19
1061,13,16,2,688.1105,1200,6,9,18
1062,11,13,2,688.9283,1600,4,8,15
1063,6,7,2,690.1401,1000,3,5,10
1064,5,17,2,690.1499,800,6,5,9
1065,15,11,2,692.3064,1200,3,10,20
1066,11,5,2,693.5696,1500,4,8,15
1067,11,9,2,694.3197,1600,6,8,15
1068,6,19,2,694.3215,700,3,5,10
1069,3,9,2,694.6454,1000,7,4,6
1070,12,13,2,695.6239,600,4,8,17
1071,10,17,2,695.8533,1100,6,7,14
1072,3,13,2,696.5687,1700,4,4,6
1073,3,15,2,696.8037,1100,4,4,6
1074,7,6,2,696.8633,700,7,6,11
1075,7,12,2,698.158,1600,3,6,11
1076,11,12,2,699.6285,700,6,8,15
1077,12,11,2,699.9649,1500,5,8,17
1078,15,12,2,702.1541,1500,5,10,20
1079,4,13,2,702.3472,600,5,4,8
1080,6,6,2,702.9344,1300,3,5,10
1081,4,12,2,703.237,700,6,4,8
1082,14,13,2,703.6145,1300,4,9,19
1083,6,19,2,703.7418,1300,4,5,10
1084,7,16,2,704.1496,800,5,6,11
1085,6,8,2,704.1847,1100,3,5,10
1086,8,12,2,704.1962,700,3,6,12
1087,11,12,2,704.7217,600,7,8,15
1088,13,6,2,705.0644,2000,6,9,18
1089,6,13,2,705.1801,1600,4,5,10
1090,14,18,2,705.5686,700,4,9,19
1091,9,8,2,705.6485,800,7,7,13
1092,4,19,2,706.3487,500,3,4,8
1093,11,13,2,706.3713,600,3,8,15
1094,4,5,2,706.7978,600,4,4,8
1095,14,12,2,707.0477,1300,5,9,19
1096,12,8,2,707.9115,2000,4,8,17
1097,12,11,2,709.8373,600,4,8,17
1098,10,7,2,710.444,1000,4,7,14
1099,6,20,2,711.0527,1100,6,5,10
1100,12,20,2,711.4001,1400,3,8,17
1101,14,6,2,711.9848,1100,6,9,19
1102,6,13,2,712.4695,800,6,5,10
1103,7,13,2,712.9993,1600,4,6,11
1104,10,12,2,715.3652,2000,4,7,14
1105,12,5,2,715.7494,800,5,8,17
1106,8,19,2,716.8394,1700,3,6,12
1107,15,5,2,717.0407,1000,4,10,20
1108,8,17,2,717.3875,1800,6,6,12
1109,5,20,2,717.452,800,5,5,9
1110,15,8,2,718.3455,1000,6,10,20
1111,7,18,2,719.9803,1300,5,6,11
1112,3,5,2,720.0054,500,6,4,6
1113,12,15,2,720.1425,1400,5,8,17
1114,10,5,2,720.1464,2000,3,7,14
1115,6,9,2,720.4081,1200,6,5,10
1116,13,5,2,720.83,800,7,9,18
1117,11,10,2,721.4642,500,4,8,15
1118,13,8,2,721.5872,1900,6,9,18
1119,10,14,2,724.3991,800,5,7,14
1120,5,17,2,725.6973,1000,6,5,9
1121,7,17,2,726.2404,2000,6,6,11
1122,15,15,2,726.9385,1000,4,10,20
1123,7,20,2,727.1028,1900,5,6,11
1124,4,16,2,728.7049,1700,7,4,8
1125,13,12,2,728.9234,1500,6,9,18
1126,10,16,2,730.2175,700,6,7,14
1127,12,5,2,731.6533,500,6,8,17
1128,14,15,2,731.9574,700,3,9,19
1129,8,19,2,734.2841,600,7,6,12
1130,12,19,2,734.548,900,6,8,17
1131,5,16,2,735.1572,1400,7,5,9
1132,12,13,2,735.2052,1100,7,8,17
1133,6,7,2,735.2821,1200,3,5,10
1134,4,17,2,735.5136,1600,7,4,8
1135,8,14,2,735.7597,1400,7,6,12
1136,8,10,2,736.5119,2000,5,6,12
1137,14,7,2,737.1824,1700,6,9,19
1138,4,5,2,737.5231,500,7,4,8
1139,6,19,2,738.1523,1300,5,5,10
1140,8,12,2,738.3907,1900,3,6,12
1141,14,6,2,738.8476,500,4,9,19
1142,13,9,2,739.3628,800,7,9,18
1143,8,12,2,739.6911,1600,4,6,12
1144,4,20,2,739.9495,1000,7,4,8
1145,9,12,2,740.1757,1900,4,7,13
1146,3,7,2,741.9018,1800,3,4,6
1147,8,10,2,741.9732,1200,7,6,12
1148,7,9,2,741.991,600,4,6,11
1149,3,12,2,742.7641,500,6,4,6
1150,13,20,2,743.1412,500,3,9,18
1151,10,8,2,744.6062,1100,6,7,14
1152,7,20,2,744.854,1900,7,6,11
1153,15,18,2,744.9029,600,4,10,20
1154,8,14,2,744.9722,1000,7,6,12
1155,4,12,2,744.9964,800,5,4,8
1156,9,19,2,745.0522,1400,6,7,13
1157,3,17,2,745.1936,1700,7,4,6
1158,14,8,2,745.4437,800,3,9,19
1159,8,15,2,745.4696,1100,4,6,12
1160,8,16,2,746.0078,500,4,6,12
1161,13,14,2,746.8641,2000,5,9,18
1162,9,15,2,748.8854,900,4,7,13
1163,15,17,2,748.9588,1000,3,10,20
1164,6,6,2,751.25,900,5,5,10
1165,13,15,2,751.723,1400,5,9,18
1166,3,8,2,753.7307,900,6,4,6
1167,7,13,2,754.0497,900,5,6,11
1168,15,14,2,755.0131,2000,7,10,20
1169,4,12,2,755.9301,2000,7,4,8
1170,10,7,2,756.3627,1300,6,7,14
1171,6,18,2,756.8294,2000,7,5,10
1172,7,12,2,757.5839,1900,3,6,11
1173,10,12,2,757.7608,1400,3,7,14
1174,4,20,2,758.2531,500,5,4,8
1175,13,13,2,758.81,1000,3,9,18
1176,3,8,2,759.6409,1300,4,4,6
1177,14,18,2,759.9147,800,6,9,19
1178,10,6,2,760.5585,900,4,7,14
1179,8,19,2,760.6039,1400,3,6,12
1180,3,12,2,761.1133,600,7,4,6
1181,5,12,2,763.0642,1600,5,5,9
1182,7,12,2,763.2131,1100,3,6,11
1183,11,15,2,764.2716,600,7,8,15
1184,4,13,2,764.9214,500,4,4,8
1185,10,17,2,765.6833,700,4,7,14
1186,14,19,2,765.7642,900,5,9,19
1187,5,5,2,766.1021,700,5,5,9
1188,7,6,2,766.9093,900,4,6,11
1189,9,8,2,767.0382,1800,5,7,13
1190,9,10,2,767.5601,1500,6,7,13
1191,14,9,2,768.5963,1700,3,9,19
1192,11,18,2,770.1142,1900,5,8,15
1193,11,10,2,770.5705,1400,3,8,15
1194,3,12,2,770.6838,1800,7,4,6
1195,14,18,2,771.9702,900,4,9,19
1196,4,19,2,772.169,1900,3,4,8
1197,8,14,2,772.2846,700,6,6,12
1198,15,12,2,773.4324,1400,3,10,20
1199,11,7,2,773.8899,1300,5,8,15
1200,9,10,2,774.7214,700,6,7,13
1201,8,6,2,775.4223,2000,4,6,12
1202,3,11,2,775.4709,1600,6,4,6
1203,9,14,2,775.8815,2000,5,7,13
1204,12,6,2,776.7937,1600,6,8,17
1205,12,6,2,777.4959,1200,3,8,17
1206,3,14,2,777.6399,1600,5,4,6
1207,10,18,2,777.6653,2000,3,7,14
1208,3,7,2,777.9361,900,4,4,6
1209,8,16,2,780.476,900,3,6,12
1210,11,10,2,780.728,1300,5,8,15
1211,12,9,2,783.3375,1500,4,8,17
1212,7,19,2,783.3583,1800,3,6,11
1213,11,6,2,783.6188,1500,5,8,15
1214,8,7,2,783.7755,900,5,6,12
1215,6,20,2,784.0063,800,7,5,10
1216,10,9,2,784.0986,1400,7,7,14
1217,6,19,2,784.2695,1900,6,5,10
1218,15,17,2,785.4472,1900,6,10,20
1219,15,18,2,785.9807,800,4,10,20
1220,14,7,2,786.9344,1200,6,9,19
1221,4,7,2,787.246,2000,4,4,8
1222,11,15,2,787.6506,700,3,8,15
1223,8,13,2,787.9555,1300,7,6,12
1224,3,15,2,788.4228,800,7,4,6
1225,11,5,2,789.0721,700,7,8,15
1226,5,5,2,789.411,1500,5,5,9
1227,3,10,2,789.526,1000,6,4,6
1228,12,7,2,789.8548,500,6,8,17
1229,9,8,2,790.3968,1800,4,7,13
1230,10,15,2,791.8936,2000,3,7,14
1231,7,8,2,792.1933,1800,4,6,11
1232,5,5,2,792.8119,1000,7,5,9
1233,9,12,2,794.0567,1300,7,7,13
1234,9,17,2,794.2326,1600,5,7,13
1235,14,15,2,795.3254,1600,5,9,19
1236,7,13,2,796.2786,1200,4,6,11
1237,14,13,2,796.2868,800,6,9,19
1238,10,15,2,797.4725,800,5,7,14
1239,11,15,2,798.9759,700,6,8,15
1240,9,12,2,798.9947,1200,5,7,13
1241,13,16,2,799.1982,900,3,9,18
1242,11,14,2,800.3023,1100,6,8,15
1243,12,18,2,800.7214,1600,6,8,17
1244,10,14,2,800.9554,2000,7,7,14
1245,8,10,2,801.4639,600,6,6,12
1246,3,8,2,801.6994,700,3,4,6
1247,13,18,2,801.7222,2000,4,9,18
1248,7,9,2,801.9961,1200,6,6,11
1249,11,19,2,802.9139,600,5,8,15
1250,9,7,2,803.1623,1300,6,7,13
1251,8,9,2,806.8076,1600,3,6,12
1252,15,6,2,807.6493,700,6,10,20
1253,15,20,2,807.791,1600,4,10,20
1254,13,19,2,808.1906,1000,5,9,18
1255,5,14,2,808.5661,1500,5,5,9
1256,10,16,2,809.0756,2000,6,7,14
1257,12,13,2,809.2046,1100,3,8,17
1258,10,16,2,809.7149,800,7,7,14
1259,7,17,2,811.2367,1100,6,6,11
1260,14,11,2,811.3168,1000,4,9,19
1261,3,13,2,812.311,700,3,4,6
1262,12,9,2,813.1723,800,5,8,17
1263,12,7,2,813.9199,1800,5,8,17
1264,11,18,2,814.9364,600,6,8,15
1265,10,16,2,815.8663,1300,5,7,14
1266,12,17,2,815.958,600,5,8,17
1267,7,12,2,817.961,1500,6,6,11
1268,12,8,2,819.3097,600,7,8,17
1269,12,12,2,819.6523,700,3,8,17
1270,14,8,2,820.0739,900,5,9,19
1271,8,9,2,821.4885,1200,6,6,12
1272,7,12,2,823.3071,1800,6,6,11
1273,3,12,2,823.4186,900,3,4,6
1274,3,16,2,823.5604,900,7,4,6
1275,9,13,2,824.2011,1500,6,7,13
1276,12,12,2,825.9566,2000,6,8,17
1277,14,8,2,826.0002,800,4,9,19
1278,14,15,2,826.2322,1800,5,9,19
1279,12,14,2,827.0356,1100,5,8,17
1280,5,11,2,827.1367,1500,5,5,9
1281,5,16,2,827.5436,700,6,5,9
1282,11,17,2,830.5704,1300,7,8,15
1283,5,10,2,830.9716,1000,7,5,9
1284,4,11,2,831.1005,2000,6,4,8
1285,11,8,2,831.3426,1800,3,8,15
1286,13,14,2,831.8846,600,3,9,18
1287,13,16,2,832.836,1200,6,9,18
1288,7,7,2,834.2659,1800,7,6,11
1289,3,5,2,834.2827,1000,3,4,6
1290,9,12,2,834.3594,1900,4,7,13
1291,10,18,2,834.705,800,7,7,14
1292,5,10,2,836.2954,1900,4,5,9
1293,6,18,2,837.1434,1900,6,5,10
1294,9,19,2,837.2893,1600,4,7,13
1295,14,20,2,837.6843,1900,5,9,19
1296,11,9,2,839.0444,1200,6,8,15
1297,6,19,2,839.762,1500,6,5,10
1298,4,16,2,840.7716,2000,3,4,8
1299,9,10,2,840.8338,500,7,7,13
1300,4,12,2,840.9021,1000,4,4,8
1301,4,18,2,841.8826,1100,5,4,8
1302,14,18,2,842.3358,1700,6,9,19
1303,10,13,2,843.1662,1300,3,7,14
1304,3,5,2,844.5764,800,7,4,6
1305,7,18,2,844.7225,700,3,6,11
1306,3,6,2,845.15,1100,5,4,6
1307,12,9,2,846.8591,1600,5,8,17
1308,7,17,2,848.7289,1200,6,6,11
1309,9,19,2,849.6503,2000,4,7,13
1310,3,18,2,850.2853,900,4,4,6
1311,15,11,2,850.9673,1500,3,10,20
1312,3,9,2,851.1548,1300,5,4,6
1313,9,5,2,851.9345,1000,3,7,13
1314,14,5,2,853.9993,1700,5,9,19
1315,5,20,2,854.0536,1300,4,5,9
1316,13,13,2,854.0572,700,7,9,18
1317,13,17,2,854.2546,700,3,9,18
1318,11,6,2,854.4641,700,3,8,15
1319,11,5,2,856.5107,1700,6,8,15
1320,15,11,2,856.6633,1700,3,10,20
1321,14,8,2,858.3592,1400,5,9,19
1322,6,19,2,858.4762,600,6,5,10
1323,10,7,2,858.4807,1300,6,7,14
1324,10,13,2,859.9669,1200,3,7,14
1325,3,5,2,860.5124,1700,4,4,6
1326,8,9,2,860.5999,800,5,6,12
1327,8,20,2,860.9618,1900,4,6,12
1328,9,13,2,861.3768,1600,6,7,13
1329,11,6,2,861.638,900,3,8,15
1330,6,12,2,862.0863,1200,6,5,10
1331,8,7,2,862.1482,1300,4,6,12
1332,6,7,2,863.2511,500,4,5,10
1333,8,13,2,863.4785,1200,4,6,12
1334,5,6,2,865.1748,1900,3,5,9
1335,15,9,2,867.3295,1700,4,10,20
1336,10,7,2,867.7112,500,5,7,14
1337,3,13,2,867.7466,1000,3,4,6
1338,13,14,2,867.847,1700,4,9,18
1339,12,15,2,868.0692,1300,6,8,17
1340,8,16,2,870.1738,800,7,6,12
1341,11,12,2,870.4634,1800,4,8,15
1342,7,8,2,870.9295,1400,7,6,11
1343,13,19,2,871.3032,600,4,9,18
1344,15,5,2,871.5,1700,5,10,20
1345,4,17,2,871.5744,1400,3,4,8
1346,6,17,2,872.3118,1700,3,5,10
1347,8,16,2,872.8028,1500,5,6,12
1348,10,17,2,872.9232,1300,3,7,14
1349,13,18,2,873.0873,600,4,9,18
1350,7,14,2,873.6218,1500,4,6,11
1351,14,16,2,874.375,1400,5,9,19
1352,6,19,2,874.7847,1100,7,5,10
1353,10,18,2,875.0053,1000,3,7,14
1354,5,19,2,876.8768,1000,5,5,9
1355,13,13,2,877.4905,1600,6,9,18
1356,6,8,2,877.9242,500,4,5,10
1357,4,10,2,878.3866,1000,6,4,8
1358,13,7,2,879.5878,1400,6,9,18
1359,9,19,2,879.6596,1000,6,7,13
1360,3,5,2,879.911,1300,5,4,6
1361,9,8,2,880.4112,1300,6,7,13
1362,10,19,2,880.4726,1500,3,7,14
1363,9,12,2,880.7982,600,6,7,13
1364,6,9,2,880.927,1000,4,5,10
1365,4,12,2,881.1498,1000,6,4,8
1366,13,12,2,881.3245,1900,5,9,18
1367,8,20,2,881.3675,2000,6,6,12
1368,5,6,2,881.3684,500,3,5,9
1369,4,16,2,881.9868,1000,3,4,8
1370,11,11,2,882.5611,1500,4,8,15
1371,13,18,2,882.8945,1900,7,9,18
1372,11,19,2,883.0859,1400,5,8,15
1373,3,9,2,883.1539,1900,3,4,6
1374,3,14,2,883.4577,1000,3,4,6
1375,11,18,2,883.7184,500,4,8,15
1376,7,20,2,885.4791,600,7,6,11
1377,9,20,2,885.8063,1400,3,7,13
1378,13,13,2,886.164,700,6,9,18
1379,9,6,2,887.2558,900,5,7,13
1380,11,14,2,887.7078,700,4,8,15
1381,3,7,2,887.9286,800,3,4,6
1382,9,7,2,887.9368,1600,4,7,13
1383,7,20,2,888.1544,1800,4,6,11
1384,13,17,2,888.2896,700,4,9,18
1385,12,8,2,888.438,1600,4,8,17
1386,10,7,2,891.2082,600,3,7,14
1387,7,14,2,891.8315,700,4,6,11
1388,12,18,2,892.0438,600,7,8,17
1389,14,15,2,893.8682,800,5,9,19
1390,6,17,2,894.3062,700,4,5,10
1391,12,12,2,894.7948,500,7,8,17
1392,12,15,2,895.0985,500,5,8,17
1393,9,13,2,895.4704,1300,6,7,13
1394,12,14,2,896.7234,1400,5,8,17
1395,13,15,2,898.2131,800,3,9,18
1396,14,5,2,898.2792,500,3,9,19
1397,12,9,2,898.7095,500,7,8,17
1398,5,19,2,899.1732,1600,6,5,9
1399,13,16,2,899.1752,1700,3,9,18
1400,7,19,2,899.63,2000,6,6,11
1401,6,6,2,900.5992,1400,7,5,10
1402,5,6,2,901.0556,900,6,5,9
1403,7,18,2,901.3124,1100,7,6,11
1404,3,16,2,901.5608,1500,5,4,6
1405,13,17,2,902.3881,600,5,9,18
1406,3,15,2,902.4134,1700,3,4,6
1407,5,10,2,903.3875,1700,3,5,9
1408,7,14,2,903.4654,2000,4,6,11
1409,4,9,2,903.8418,900,3,4,8
1410,6,17,2,904.5687,1700,7,5,10
1411,15,20,2,904.7612,800,5,10,20
1412,10,12,2,905.2649,500,5,7,14
1413,10,7,2,906.9242,1400,3,7,14
1414,13,7,2,907.1654,1600,6,9,18
1415,7,20,2,907.9495,1000,3,6,11
1416,12,19,2,908.0164,700,5,8,17
1417,9,19,2,908.0966,1300,6,7,13
1418,10,11,2,908.8353,500,4,7,14
1419,15,8,2,909.8535,600,3,10,20
1420,7,17,2,909.9977,500,5,6,11
1421,10,7,2,910.9488,900,7,7,14
1422,3,11,2,911.0356,1100,4,4,6
1423,10,19,2,911.0922,700,7,7,14
1424,11,7,2,911.2373,1900,7,8,15
1425,8,7,2,911.6272,1200,4,6,12
1426,11,14,2,912.4127,1500,6,8,15
1427,11,15,2,912.435,1100,6,8,15
1428,11,17,2,912.604,800,7,8,15
1429,14,18,2,912.7834,500,7,9,19
1430,11,14,2,913.3872,1600,6,8,15
1431,13,8,2,913.9782,1800,4,9,18
1432,10,18,2,915.424,1700,6,7,14
1433,12,11,2,915.8534,1600,5,8,17
1434,13,12,2,916.7786,1200,6,9,18
1435,8,13,2,917.0445,500,7,6,12
1436,14,12,2,917.0448,1300,3,9,19
1437,8,8,2,917.6756,500,6,6,12
1438,14,20,2,918.7085,1200,4,9,19
1439,12,14,2,919.9867,2000,7,8,17
1440,3,11,2,920.3427,700,7,4,6
1441,3,14,2,920.4453,1900,3,4,6
1442,6,19,2,920.8295,600,5,5,10
1443,11,8,2,921.7241,1200,7,8,15
1444,5,7,2,923.9261,1700,4,5,9
1445,3,11,2,926.8008,1300,5,4,6
1446,5,14,2,928.5782,1600,6,5,9
1447,10,6,2,928.8645,1600,6,7,14
1448,15,5,2,930.7847,1900,5,10,20
1449,7,20,2,931.2587,1400,6,6,11
1450,15,13,2,932.5343,1600,4,10,20
1451,6,17,2,935.1082,1500,4,5,10
1452,13,8,2,935.2619,900,3,9,18
1453,3,17,2,935.3546,1600,6,4,6
1454,7,8,2,935.3641,700,6,6,11
1455,8,6,2,935.6956,600,7,6,12
1456,14,10,2,935.8514,800,7,9,19
1457,13,10,2,935.9072,1500,3,9,18
1458,7,10,2,937.1118,1200,6,6,11
1459,10,8,2,937.9628,500,3,7,14
1460,9,15,2,940.9806,1300,5,7,13
1461,7,5,2,941.0912,1100,6,6,11
1462,9,8,2,941.5485,1500,3,7,13
1463,6,14,2,941.6059,1000,5,5,10
1464,7,13,2,942.1626,1000,4,6,11
1465,9,7,2,943.6367,1600,3,7,13
1466,8,11,2,943.837,1500,5,6,12
1467,14,10,2,944.3584,1600,6,9,19
1468,6,18,2,944.7008,600,3,5,10
1469,9,16,2,944.7904,600,7,7,13
1470,3,5,2,945.7584,1300,7,4,6
1471,15,16,2,946.5576,1200,5,10,20
1472,4,20,2,947.991,700,5,4,8
1473,7,9,2,948.0377,1800,4,6,11
1474,13,7,2,948.5131,500,6,9,18
1475,9,14,2,948.654,1500,4,7,13
1476,10,10,2,948.6962,1600,5,7,14
1477,10,12,2,949.038,1400,3,7,14
1478,3,7,2,949.8154,2000,3,4,6
1479,9,9,2,950.2362,700,7,7,13
1480,4,18,2,954.0204,2000,6,4,8
1481,13,17,2,954.1043,700,4,9,18
1482,10,7,2,954.1137,1400,7,7,14
1483,4,15,2,954.2146,1200,7,4,8
1484,11,8,2,954.2751,1300,4,8,15
1485,12,17,2,955.0869,1600,5,8,17
1486,8,6,2,955.3473,1900,4,6,12
1487,5,5,2,955.8525,1800,3,5,9
1488,12,9,2,955.9502,1400,4,8,17
1489,3,8,2,956.6642,800,5,4,6
1490,15,14,2,957.6309,1700,6,10,20
1491,9,11,2,958.5527,2000,5,7,13
1492,7,6,2,959.1159,700,7,6,11
1493,15,14,2,959.1443,1500,7,10,20
1494,5,10,2,959.3737,600,5,5,9
1495,8,16,2,959.5514,1400,4,6,12
1496,6,17,2,959.5772,500,6,5,10
1497,9,18,2,961.1421,1400,3,7,13
1498,6,10,2,961.4362,600,6,5,10
1499,6,5,2,963.0463,1400,6,5,10
1500,6,18,2,963.7493,600,3,5,10
1501,11,14,2,965.1249,500,7,8,15
1502,7,14,2,965.1664,1400,7,6,11
1503,3,19,2,967.1892,1400,3,4,6
1504,3,17,2,970.2377,1200,5,4,6
1505,15,5,2,970.5453,1200,5,10,20
1506,13,19,2,970.5866,500,7,9,18
1507,12,15,2,970.6041,1600,3,8,17
1508,5,11,2,970.951,2000,4,5,9
1509,11,12,2,971.2235,700,4,8,15
1510,6,20,2,971.332,1000,5,5,10
1511,9,15,2,972.102,1800,5,7,13
1512,12,16,2,972.4321,1300,7,8,17
1513,10,7,2,972.853,700,4,7,14
1514,10,6,2,973.1602,500,4,7,14
1515,9,16,2,973.2343,500,4,7,13
1516,4,15,2,973.318,1500,5,4,8
1517,14,18,2,973.3194,1900,7,9,19
1518,7,18,2,973.4724,1900,5,6,11
1519,7,10,2,973.4755,1100,3,6,11
1520,5,13,2,973.7426,1700,7,5,9
1521,7,7,2,974.5082,1700,7,6,11
1522,15,17,2,975.368,700,6,10,20
1523,12,6,2,975.74,1300,5,8,17
1524,4,14,2,975.8066,1700,3,4,8
1525,15,18,2,975.8369,1700,7,10,20
1526,10,11,2,975.9571,1000,3,7,14
1527,7,17,2,976.1814,1600,4,6,11
1528,10,18,2,978.0337,1100,4,7,14
1529,3,17,2,978.3624,1300,3,4,6
1530,15,8,2,979.0395,1700,4,10,20
1531,7,12,2,979.6318,1800,5,6,11
1532,9,10,2,980.0754,1800,5,7,13
1533,13,6,2,981.7498,1200,4,9,18
1534,6,16,2,984.7211,1600,5,5,10
1535,7,11,2,986.4023,900,5,6,11
1536,11,12,2,986.7875,600,4,8,15
1537,9,17,2,987.1831,2000,3,7,13
1538,8,10,2,988.6168,1500,3,6,12
1539,13,15,2,989.4171,600,5,9,18
1540,13,17,2,990.3714,1400,6,9,18
1541,14,8,2,991.681,1100,5,9,19
1542,4,16,2,991.9182,2000,5,4,8
1543,11,18,2,992.599,1000,4,8,15
1544,14,6,2,992.7168,600,5,9,19
1545,11,11,2,994.0821,1200,7,8,15
1546,8,6,2,995.6329,1900,5,6,12
1547,3,17,2,996.2389,1500,5,4,6
1548,11,14,2,996.8177,1800,5,8,15
1549,4,5,2,996.9082,1400,6,4,8
1550,9,17,2,997.0705,1500,6,7,13
1551,6,6,2,997.2302,1900,6,5,10
1552,10,15,2,997.687,1800,6,7,14
1553,11,15,2,1000.7521,800,7,8,15
1554,4,19,2,1000.9722,1100,7,4,8
1555,8,8,2,1001.5877,900,6,6,12
1556,12,5,2,1002.4947,1600,5,8,17
1557,4,9,2,1003.2688,2000,7,4,8
1558,6,7,2,1005.2443,1700,3,5,10
1559,8,15,2,1005.4932,1700,3,6,12
1560,12,6,2,1006.2282,900,7,8,17
1561,15,9,2,1007.4569,700,4,10,20
1562,10,16,2,1007.5242,600,5,7,14
1563,5,9,2,1007.7632,700,7,5,9
1564,6,15,2,1007.9402,500,6,5,10
1565,13,18,2,1007.9406,1200,4,9,18
1566,12,13,2,1010.9111,1500,7,8,17
1567,6,20,2,1012.9333,2000,6,5,10
1568,11,5,2,1013.6297,900,7,8,15
1569,9,16,2,1013.6749,1200,6,7,13
1570,6,18,2,1013.8577,1200,6,5,10
1571,15,13,2,1014.3151,2000,7,10,20
1572,3,17,2,1015.2288,1000,5,4,6
1573,3,7,2,1015.8125,700,5,4,6
1574,3,11,2,1016.8749,700,7,4,6
1575,12,16,2,1017.8527,1300,4,8,17
1576,14,8,2,1019.3337,800,4,9,19
1577,7,10,2,1019.7462,600,6,6,11
1578,14,13,2,1020.3269,1400,7,9,19
1579,10,17,2,1020.4568,1900,4,7,14
1580,3,17,2,1020.7676,1800,6,4,6
1581,15,17,2,1020.8674,1800,7,10,20
1582,11,20,2,1021.4427,800,4,8,15
1583,9,15,2,1021.9094,900,5,7,13
1584,3,8,2,1024.8715,1000,3,4,6
1585,14,15,2,1025.3175,2000,6,9,19
1586,6,12,2,1025.7836,1300,4,5,10
1587,6,9,2,1026.0366,1700,6,5,10
1588,10,6,2,1026.404,1500,5,7,14
1589,14,9,2,1027.5739,700,4,9,19
1590,11,12,2,1029.144,1800,7,8,15
1591,9,18,2,1030.2604,1600,4,7,13
1592,4,10,2,1034.0973,700,6,4,8
1593,5,18,2,1034.1586,700,5,5,9
1594,3,16,2,1034.6856,1200,4,4,6
1595,11,20,2,1034.7287,1200,4,8,15
1596,10,15,2,1035.9127,1200,5,7,14
1597,9,5,2,1036.1142,800,7,7,13
1598,13,19,2,1036.2456,1900,6,9,18
1599,10,17,2,1036.9636,1300,5,7,14
1600,9,20,2,1037.5021,700,7,7,13
1601,11,6,2,1038.378,600,7,8,15
1602,4,5,2,1038.7841,1500,7,4,8
1603,3,7,2,1039.3006,1900,7,4,6
1604,11,19,2,1039.6032,1200,3,8,15
1605,7,13,2,1041.4713,1100,5,6,11
1606,5,12,2,1041.5448,1200,3,5,9
1607,14,11,2,1041.5529,500,5,9,19
1608,11,14,2,1045.1622,1400,3,8,15
1609,5,12,2,1045.4658,1000,5,5,9
1610,12,6,2,1045.7725,1900,6,8,17
1611,10,17,2,1045.9721,1600,5,7,14
1612,9,12,2,1046.7324,500,7,7,13
1613,15,17,2,1046.823,1000,3,10,20
1614,14,19,2,1046.9903,2000,6,9,19
1615,11,12,2,1047.0691,1000,7,8,15
1616,12,19,2,1048.073,600,5,8,17
1617,6,8,2,1048.62,500,5,5,10
1618,8,16,2,1050.2552,1900,6,6,12
1619,13,18,2,1050.863,1000,4,9,18
1620,13,9,2,1050.8691,1100,3,9,18
1621,6,6,2,1051.9554,800,4,5,10
1622,7,6,2,1052.3691,800,3,6,11
1623,10,19,2,1052.4206,900,3,7,14
1624,7,11,2,1052.8245,1900,4,6,11
1625,8,16,2,1053.1122,1100,7,6,12
1626,11,13,2,1053.6491,1600,4,8,15
1627,13,5,2,1054.1394,1900,7,9,18
1628,14,20,2,1054.5982,1700,7,9,19
1629,9,15,2,1056.629,800,3,7,13
1630,7,19,2,1057.2213,900,7,6,11
1631,7,17,2,1057.7129,900,4,6,11
1632,11,19,2,1057.9856,800,6,8,15
1633,8,13,2,1058.3067,1700,5,6,12
1634,8,16,2,1058.7243,1600,4,6,12
1635,3,9,2,1058.9146,900,5,4,6
1636,7,20,2,1060.5114,1500,6,6,11
1637,4,19,2,1060.6777,2000,5,4,8
1638,7,18,2,1061.6204,2000,7,6,11
1639,15,7,2,1062.8657,1000,6,10,20
1640,11,20,2,1063.6747,1700,5,8,15
1641,11,13,2,1063.6886,1300,3,8,15
1642,13,14,2,1063.9108,2000,7,9,18
1643,15,12,2,1064.6534,1200,5,10,20
1644,6,12,2,1064.682,600,3,5,10
1645,9,15,2,1065.6991,1600,6,7,13
1646,11,14,2,1066.9194,1900,5,8,15
1647,9,9,2,1067.6379,2000,4,7,13
1648,3,7,2,1067.8075,1800,3,4,6
1649,13,8,2,1069.286,500,5,9,18
1650,15,6,2,1069.6573,500,6,10,20
1651,14,10,2,1070.3814,1400,5,9,19
1652,4,15,2,1070.4289,1800,7,4,8
1653,5,7,2,1070.8179,1700,5,5,9
1654,14,13,2,1070.8498,1500,5,9,19
1655,11,19,2,1071.0212,2000,7,8,15
1656,14,11,2,1071.5825,700,5,9,19
1657,3,13,2,1071.9635,1900,6,4,6
1658,15,9,2,1072.0993,800,7,10,20
1659,7,16,2,1073.3197,1100,4,6,11
1660,3,15,2,1073.508,1200,7,4,6
1661,10,8,2,1073.9318,800,7,7,14
1662,13,17,2,1073.9731,1600,6,9,18
1663,5,15,2,1074.0401,1800,5,5,9
1664,15,11,2,1075.0837,1800,4,10,20
1665,12,12,2,1075.7423,1000,5,8,17
1666,9,7,2,1076.2466,1100,7,7,13
1667,14,11,2,1076.4129,1700,6,9,19
1668,9,15,2,1076.4602,700,5,7,13
1669,12,20,2,1077.8698,1900,7,8,17
1670,5,8,2,1078.4797,800,6,5,9
1671,12,14,2,1079.5667,2000,3,8,17
1672,5,20,2,1080.2614,1500,4,5,9
1673,11,19,2,1080.578,2000,7,8,15
1674,11,5,2,1080.6774,800,7,8,15
1675,5,9,2,1080.8543,1500,7,5,9
1676,5,19,2,1082.5869,1200,6,5,9
1677,9,8,2,1082.8488,600,4,7,13
1678,12,12,2,1083.9254,1500,3,8,17
1679,6,19,2,1085.0263,1000,5,5,10
1680,4,16,2,1085.3578,1800,3,4,8
1681,6,13,2,1086.8812,600,4,5,10
1682,4,9,2,1087.8716,900,6,4,8
1683,12,14,2,1088.2649,600,6,8,17
1684,5,9,2,1089.1996,500,5,5,9
1685,13,20,2,1089.5533,1600,5,9,18
1686,10,10,2,1089.6788,1300,7,7,14
1687,6,7,2,1090.2214,1600,7,5,10
1688,10,10,2,1090.924,1700,5,7,14
1689,7,12,2,1091.2631,1100,4,6,11
1690,13,12,2,1092.2992,500,5,9,18
1691,11,9,2,1092.3455,1900,4,8,15
1692,14,6,2,1092.401,600,5,9,19
1693,3,10,2,1092.754,500,4,4,6
1694,3,15,2,1094.3095,800,5,4,6
1695,3,12,2,1094.3403,1000,7,4,6
1696,14,15,2,1094.5272,2000,7,9,19
1697,8,8,2,1096.197,1700,6,6,12
1698,3,15,2,1097.109,900,6,4,6
1699,6,19,2,1098.0136,700,4,5,10
1700,8,9,2,1101.057,800,3,6,12
1701,6,7,2,1101.2987,1600,5,5,10
1702,14,16,2,1101.3316,700,4,9,19
1703,7,20,2,1101.4342,1300,4,6,11
1704,3,18,2,1102.2868,500,7,4,6
1705,4,11,2,1102.6412,800,7,4,8
1706,6,19,2,1103.1554,1100,5,5,10
1707,14,12,2,1103.8752,1600,4,9,19
1708,13,7,2,1103.8827,1300,4,9,18
1709,7,15,2,1105.3488,600,5,6,11
1710,10,7,2,1105.7301,1100,6,7,14
1711,6,13,2,1107.4918,1000,4,5,10
1712,10,12,2,1107.773,600,6,7,14
1713,4,19,2,1108.9489,1800,5,4,8
1714,15,11,2,1110.1887,2000,5,10,20
1715,4,12,2,1111.161,1100,6,4,8
1716,14,19,2,1111.2773,1800,5,9,19
1717,13,7,2,1113.0638,600,3,9,18
1718,3,12,2,1113.1657,2000,4,4,6
1719,3,14,2,1115.0676,1900,6,4,6
1720,4,9,2,1115.1038,500,5,4,8
1721,8,15,2,1115.5733,1100,5,6,12
1722,8,12,2,1115.6059,1400,4,6,12
1723,15,15,2,1115.7171,1300,5,10,20
1724,7,10,2,1115.8461,700,3,6,11
1725,9,18,2,1116.3319,1100,6,7,13
1726,10,17,2,1116.6444,1700,6,7,14
1727,12,15,2,1117.1562,1800,3,8,17
1728,15,16,2,1117.544,500,3,10,20
1729,5,16,2,1118.2947,500,6,5,9
1730,10,8,2,1118.6058,1000,7,7,14
1731,6,7,2,1118.631,800,4,5,10
1732,3,9,2,1120.1369,2000,3,4,6
1733,9,15,2,1121.2339,600,3,7,13
1734,12,17,2,1122.8387,1700,3,8,17
1735,6,10,2,1123.1661,1200,5,5,10
1736,13,13,2,1123.3422,1600,6,9,18
1737,5,11,2,1123.3631,1000,5,5,9
1738,15,10,2,1124.6833,1700,7,10,20
1739,6,14,2,1124.7244,1900,3,5,10
1740,12,12,2,1125.1499,1600,5,8,17
1741,7,15,2,1125.2836,1600,4,6,11
1742,12,17,2,1125.6021,1900,5,8,17
1743,12,20,2,1125.7057,1100,4,8,17
1744,3,19,2,1125.7688,700,5,4,6
1745,4,19,2,1125.7897,1200,7,4,8
1746,6,6,2,1126.4947,2000,5,5,10
1747,11,11,2,1126.8496,1000,7,8,15
1748,15,6,2,1127.4748,1500,6,10,20
1749,10,6,2,1128.299,1800,7,7,14
1750,11,5,2,1130.0677,500,3,8,15
1751,5,15,2,1130.102,1300,3,5,9
1752,4,5,2,1130.2407,1700,3,4,8
1753,14,11,2,1130.9079,1200,7,9,19
1754,6,17,2,1130.9234,700,6,5,10
1755,11,12,2,1131.3371,600,4,8,15
1756,9,6,2,1132.0915,800,3,7,13
1757,6,17,2,1132.32,500,6,5,10
1758,4,19,2,1132.3758,1000,4,4,8
1759,5,12,2,1133.0636,600,7,5,9
1760,14,9,2,1133.8088,1500,7,9,19
1761,6,10,2,1135.0152,700,6,5,10
1762,9,5,2,1135.1269,600,3,7,13
1763,11,10,2,1135.4272,1900,6,8,15
1764,3,15,2,1136.3888,2000,4,4,6
1765,6,13,2,1136.413,1700,3,5,10
1766,4,10,2,1136.5969,800,4,4,8
1767,8,16,2,1136.7619,500,4,6,12
1768,10,12,2,1136.9153,1600,6,7,14
1769,5,18,2,1137.8108,1400,6,5,9
1770,14,19,2,1138.2057,600,5,9,19
1771,14,18,2,1139.2871,1200,5,9,19
1772,8,9,2,1139.6804,600,6,6,12
1773,5,15,2,1140.2868,600,7,5,9
1774,15,18,2,1142.5931,1100,5,10,20
1775,10,11,2,1143.0665,1100,4,7,14
1776,9,14,2,1143.7408,1900,3,7,13
1777,3,10,2,1144.6168,800,4,4,6
1778,5,12,2,1145.1128,700,5,5,9
1779,12,18,2,1146.424,1300,3,8,17
1780,12,7,2,1147.2177,1700,5,8,17
1781,14,11,2,1148.1683,1000,6,9,19
1782,11,17,2,1148.1726,1700,6,8,15
1783,8,15,2,1148.4212,800,6,6,12
1784,14,20,2,1148.5721,1200,6,9,19
1785,3,17,2,1149.0686,800,4,4,6
1786,7,8,2,1149.0939,1000,5,6,11
1787,13,11,2,1149.4589,900,4,9,18
1788,7,12,2,1151.4464,1300,5,6,11
1789,11,16,2,1152.4439,1000,5,8,15
1790,14,11,2,1152.451,500,7,9,19
1791,7,15,2,1153.1621,1000,4,6,11
1792,12,8,2,1154.2936,1300,5,8,17
1793,5,7,2,1154.44,1100,6,5,9
1794,9,5,2,1154.9462,700,6,7,13
1795,15,8,2,1156.1324,1800,3,10,20
1796,11,7,2,1157.411,1100,3,8,15
1797,14,6,2,1157.4536,1800,5,9,19
1798,12,8,2,1157.9943,500,6,8,17
1799,4,5,2,1158.4831,1200,7,4,8
1800,6,10,2,1158.5687,1600,6,5,10
1801,10,5,2,1158.6713,1100,4,7,14
1802,9,20,2,1158.8996,900,3,7,13
1803,9,12,2,1159.1022,1800,7,7,13
1804,13,19,2,1159.2119,1800,5,9,18
1805,4,15,2,1159.4784,1700,5,4,8
1806,10,16,2,1161.0497,1800,5,7,14
1807,11,8,2,1161.6544,1900,3,8,15
1808,10,20,2,1162.3584,1800,7,7,14
1809,3,20,2,1162.5409,1500,7,4,6
1810,13,13,2,1162.7815,1900,7,9,18
1811,8,9,2,1163.9631,700,7,6,12
1812,8,5,2,1164.8413,1500,4,6,12
1813,7,18,2,1165.1549,1700,5,6,11
1814,9,7,2,1165.4202,1500,4,7,13
1815,8,12,2,1166.9388,600,3,6,12
1816,6,18,2,1167.3375,1200,6,5,10
1817,5,12,2,1167.5173,1300,4,5,9
1818,8,7,2,1168.2979,2000,7,6,12
1819,3,12,2,1168.8292,1200,5,4,6
1820,11,15,2,1168.9254,1300,3,8,15
1821,11,12,2,1169.8182,2000,5,8,15
1822,15,10,2,1170.4916,2000,4,10,20
1823,13,13,2,1170.7518,1000,3,9,18
1824,9,11,2,1170.8051,700,4,7,13
1825,15,8,2,1171.2847,600,5,10,20
1826,7,8,2,1172.6288,1000,4,6,11
1827,7,19,2,1173.2062,1900,5,6,11
1828,7,9,2,1174.0018,500,4,6,11
1829,9,6,2,1174.2967,700,4,7,13
1830,10,7,2,1174.4939,1800,3,7,14
1831,13,14,2,1175.0824,1700,5,9,18
1832,4,19,2,1175.4415,1000,3,4,8
1833,9,7,2,1175.8873,700,6,7,13
1834,9,12,2,1176.4722,2000,4,7,13
1835,4,6,2,1176.5031,1800,5,4,8
1836,11,18,2,1177.6609,700,6,8,15
1837,4,15,2,1177.9584,1000,3,4,8
1838,12,20,2,1178.3331,600,6,8,17
1839,14,20,2,1178.5166,1400,3,9,19
1840,5,10,2,1179.0923,1900,5,5,9
1841,7,9,2,1179.1017,1500,5,6,11
1842,8,7,2,1179.5106,1200,6,6,12
1843,9,7,2,1179.9501,1000,6,7,13
1844,15,18,2,1180.8086,1100,7,10,20
1845,14,15,2,1181.4797,800,4,9,19
1846,14,11,2,1182.5537,1000,7,9,19
1847,13,11,2,1182.9715,600,7,9,18
1848,7,9,2,1183.0425,1500,6,6,11
1849,10,20,2,1183.1597,900,5,7,14
1850,8,16,2,1183.333,900,6,6,12
1851,10,14,2,1183.8813,900,4,7,14
1852,5,10,2,1185.0427,1800,7,5,9
1853,12,12,2,1186.8413,1100,3,8,17
1854,10,18,2,1187.7652,600,4,7,14
1855,10,18,2,1188.8711,1100,7,7,14
1856,7,20,2,1189.4833,700,7,6,11
1857,3,13,2,1190.9659,1900,6,4,6
1858,6,12,2,1192.1439,2000,4,5,10
1859,6,9,2,1193.6544,1100,5,5,10
1860,15,9,2,1193.9187,1800,3,10,20
1861,10,12,2,1195.2016,500,5,7,14
1862,15,11,2,1195.2464,1600,4,10,20
1863,15,10,2,1195.8615,1700,7,10,20
1864,4,16,2,1195.8884,1000,3,4,8
1865,8,7,2,1196.29,1400,5,6,12
1866,4,14,2,1196.5535,2000,4,4,8
1867,9,8,2,1196.6996,1000,7,7,13
1868,5,15,2,1197.0394,1400,5,5,9
1869,5,9,2,1197.3864,600,6,5,9
1870,9,16,2,1197.9,1800,7,7,13
1871,12,12,2,1200.0442,600,7,8,17
1872,14,19,2,1201.4977,1700,5,9,19
1873,4,11,2,1203.8634,2000,4,4,8
1874,3,19,2,1203.887,1500,3,4,6
1875,15,12,2,1204.2601,1500,7,10,20
1876,10,11,2,1205.0969,1000,7,7,14
1877,5,5,2,1205.1346,700,4,5,9
1878,14,15,2,1205.3518,800,4,9,19
1879,14,6,2,1206.9701,700,5,9,19
1880,13,16,2,1207.9251,500,5,9,18
1881,4,5,2,1207.9737,1500,3,4,8
1882,4,8,2,1208.1459,600,5,4,8
1883,14,8,2,1208.8862,700,7,9,19
1884,7,10,2,1209.5858,1800,6,6,11
1885,14,13,2,1209.7254,1600,7,9,19
1886,6,6,2,1210.3197,600,6,5,10
1887,15,14,2,1210.4321,1900,3,10,20
1888,9,8,2,1211.0908,1400,4,7,13
1889,14,9,2,1211.3441,1000,6,9,19
1890,8,5,2,1211.8013,1000,5,6,12
1891,9,6,2,1212.9323,900,4,7,13
1892,15,6,2,1213.0741,1600,7,10,20
1893,6,10,2,1213.3503,1100,4,5,10
1894,8,6,2,1213.6365,1400,4,6,12
1895,11,15,2,1213.8373,600,6,8,15
1896,12,8,2,1214.3743,1900,3,8,17
1897,13,5,2,1216.3633,1900,5,9,18
1898,10,14,2,1216.5039,1400,6,7,14
1899,9,17,2,1216.952,1800,7,7,13
1900,9,15,2,1217.99,800,5,7,13
1901,14,15,2,1218.0175,1500,7,9,19
1902,6,13,2,1218.7184,1300,3,5,10
1903,4,12,2,1219.5852,1300,5,4,8
1904,4,9,2,1220.2351,1000,3,4,8
1905,14,16,2,1221.3659,1400,4,9,19
1906,6,11,2,1221.722,2000,7,5,10
1907,8,9,2,1222.1174,1400,3,6,12
1908,12,20,2,1223.7941,1200,7,8,17
1909,7,15,2,1224.8582,1800,6,6,11
1910,15,11,2,1225.0166,2000,3,10,20
1911,3,19,2,1225.7606,1900,3,4,6
1912,6,7,2,1226.0711,1800,3,5,10
1913,4,11,2,1226.6298,1500,5,4,8
1914,4,10,2,1227.2188,600,7,4,8
1915,7,12,2,1228.1506,1800,3,6,11
1916,3,10,2,1228.4681,1200,7,4,6
1917,4,20,2,1229.3502,1300,4,4,8
1918,9,19,2,1230.4744,1400,5,7,13
1919,15,13,2,1231.5804,1200,3,10,20
1920,10,13,2,1231.622,1100,5,7,14
1921,12,8,2,1231.7068,1700,6,8,17
1922,8,10,2,1231.9123,1000,4,6,12
1923,14,7,2,1232.9171,1200,5,9,19
1924,11,15,2,1233.0577,700,3,8,15
1925,7,15,2,1234.6064,1900,6,6,11
1926,3,19,2,1234.7003,500,4,4,6
1927,14,19,2,1235.4667,800,5,9,19
1928,7,5,2,1235.5032,1800,4,6,11
1929,12,11,2,1236.3341,1100,7,8,17
1930,12,9,2,1237.004,1200,6,8,17
1931,9,19,2,1237.653,1300,6,7,13
1932,3,19,2,1237.7228,700,4,4,6
1933,9,7,2,1237.8134,2000,7,7,13
1934,9,20,2,1238.6441,1600,7,7,13
1935,11,5,2,1239.8208,600,3,8,15
1936,8,20,2,1239.9164,1700,4,6,12
1937,13,14,2,1241.2056,1100,7,9,18
1938,14,14,2,1242.7103,1400,7,9,19
1939,11,9,2,1244.0241,900,4,8,15
1940,3,8,2,1244.0259,1800,4,4,6
1941,3,7,2,1244.1593,900,6,4,6
1942,3,18,2,1244.5703,700,4,4,6
1943,11,5,2,1245.4399,1500,3,8,15
1944,7,10,2,1247.8447,1000,7,6,11
1945,8,7,2,1248.516,600,5,6,12
1946,12,6,2,1248.622,1300,6,8,17
1947,13,15,2,1248.8262,700,7,9,18
1948,8,12,2,1248.9094,900,5,6,12
1949,10,14,2,1249.6672,1700,3,7,14
1950,5,10,2,1250.3898,1800,5,5,9
1951,10,5,2,1252.202,500,3,7,14
1952,12,15,2,1252.3823,1000,6,8,17
1953,6,19,2,1253.0045,600,5,5,10
1954,10,20,2,1253.5511,600,4,7,14
1955,4,13,2,1253.6243,900,6,4,8
1956,11,8,2,1253.6963,1800,5,8,15
1957,10,6,2,1255.0645,1600,6,7,14
1958,12,16,2,1255.4379,1900,6,8,17
1959,13,6,2,1256.3302,1200,3,9,18
1960,7,7,2,1256.9728,1400,6,6,11
1961,14,8,2,1257.5432,1400,6,9,19
1962,6,16,2,1257.5778,900,6,5,10
1963,9,19,2,1257.7799,600,5,7,13
1964,5,8,2,1258.0201,1300,5,5,9
1965,4,17,2,1258.1603,1200,5,4,8
1966,7,14,2,1259.2866,1800,7,6,11
1967,7,15,2,1259.5859,1300,5,6,11
1968,5,12,2,1260.5125,1600,3,5,9
1969,6,20,2,1260.9695,700,5,5,10
1970,10,14,2,1262.2517,1700,4,7,14
1971,4,14,2,1262.4575,1200,4,4,8
1972,10,20,2,1263.8493,800,3,7,14
1973,10,16,2,1266.0432,1300,6,7,14
1974,7,16,2,1266.1448,800,5,6,11
1975,14,5,2,1266.4069,1600,6,9,19
1976,15,14,2,1266.472,1400,6,10,20
1977,9,9,2,1266.6325,500,5,7,13
1978,15,20,2,1266.7049,900,7,10,20
1979,3,11,2,1267.2349,1700,5,4,6
1980,15,7,2,1267.5046,700,3,10,20
1981,12,10,2,1268.2878,1300,6,8,17
1982,12,7,2,1268.4591,1800,3,8,17
1983,7,13,2,1269.3721,600,5,6,11
1984,12,20,2,1271.0841,1200,3,8,17
1985,3,6,2,1273.3751,900,4,4,6
1986,4,16,2,1274.2,1900,5,4,8
1987,3,19,2,1274.2683,900,6,4,6
1988,4,11,2,1274.665,1800,7,4,8
1989,10,10,2,1274.7623,900,3,7,14
1990,15,12,2,1276.0087,1800,5,10,20
1991,11,10,2,1276.0719,700,7,8,15
1992,14,10,2,1276.0856,1000,3,9,19
1993,9,11,2,1277.18,1200,4,7,13
1994,15,9,2,1277.6425,800,3,10,20
1995,5,15,2,1278.6212,1200,7,5,9
1996,14,11,2,1279.4923,1800,7,9,19
1997,7,12,2,1281.5032,1100,3,6,11
1998,4,11,2,1281.7643,1100,5,4,8
1999,13,19,2,1281.8465,1200,7,9,18