job_id,num_qubits,depth,priority,arrival_time,num_shots,req_iterations
0,11,20,2,0.2921,1700,5
1,12,6,2,0.2932,1400,5
2,10,5,2,0.2981,800,4
3,12,17,2,3.0922,1700,7
4,10,7,2,3.2427,1000,6
5,11,9,2,3.4918,1900,4
6,11,10,2,4.7504,900,7
7,8,12,2,6.5732,1100,7
8,11,16,2,6.7743,1100,5
9,12,20,2,7.446,700,6
10,14,11,2,8.4208,900,5
11,12,9,2,8.9428,900,3
12,15,18,2,9.0568,1400,3
13,7,17,2,9.7949,1600,4
14,12,5,2,10.3109,1300,4
15,13,6,2,10.6699,1000,5
16,15,10,2,10.7376,700,5
17,5,15,2,10.9789,1000,4
18,6,14,2,10.9865,1000,6
19,3,11,2,12.0852,1300,3
20,10,9,2,12.4042,1400,6
21,14,8,2,12.8931,800,5
22,14,13,2,12.8946,1100,3
23,8,19,2,12.986,700,4
24,8,19,2,13.7266,1100,7
25,3,19,2,14.7812,1200,6
26,15,13,2,14.8951,800,6
27,3,10,2,15.2053,1300,5
28,9,11,2,17.4503,2000,7
29,14,6,2,17.8949,1700,7
30,9,20,2,19.7041,1000,5
31,5,15,2,20.777,1000,7
32,6,18,2,20.9275,1800,6
33,8,8,2,20.9998,1400,3
34,13,13,2,21.6993,1200,5
35,11,16,2,23.1567,1100,7
36,3,19,2,23.547,1600,7
37,7,20,2,24.5762,1700,6
38,10,14,2,25.0329,1800,5
39,12,19,2,25.1693,1500,3
40,3,15,2,25.367,1100,6
41,3,8,2,25.9548,1100,5
42,5,14,2,26.0755,1100,4
43,10,5,2,27.6383,600,3
44,6,5,2,28.1786,1800,5
45,15,16,2,29.323,1600,5
46,12,6,2,31.281,900,3
47,11,15,2,31.4527,1900,3
48,11,5,2,33.0438,1000,6
49,7,13,2,33.8392,800,7
50,3,9,2,34.359,1900,3
51,15,5,2,34.4978,800,7
52,13,13,2,35.4835,1600,4
53,12,5,2,35.5409,1700,4
54,13,20,2,38.0629,1700,7
55,15,7,2,38.9101,1400,4
56,6,20,2,38.9968,1800,3
57,15,18,2,41.282,2000,4
58,10,6,2,43.7859,1200,4
59,7,20,2,44.7235,800,5
60,13,19,2,44.8862,2000,5
61,5,7,2,45.0188,500,5
62,13,12,2,45.4328,1100,5
63,12,6,2,46.6794,600,5
64,11,15,2,46.7264,1000,7
65,8,19,2,47.6149,1200,6
66,7,5,2,47.7059,1300,4
67,3,13,2,48.7829,1000,7
68,5,7,2,48.8533,1100,6
69,11,16,2,49.5968,1200,4
70,13,18,2,49.9704,1500,5
71,12,16,2,50.6062,700,6
72,14,11,2,52.6017,700,6
73,11,12,2,53.0385,1400,5
74,10,8,2,53.8505,600,4
75,3,14,2,54.28,1500,4
76,6,11,2,54.4628,1800,3
77,10,5,2,54.4669,1600,3
78,10,14,2,56.0389,2000,3
79,8,8,2,57.3103,1200,7
80,14,10,2,57.6125,1500,4
81,6,18,2,59.8461,1300,7
82,4,10,2,60.3101,600,7
83,3,20,2,60.8656,1800,5
84,6,18,2,60.9,1600,3
85,6,19,2,60.9133,1900,4
86,4,20,2,61.6337,600,5
87,12,18,2,61.9615,2000,4
88,15,16,2,62.9878,500,4
89,7,17,2,63.2553,1300,3
90,3,16,2,65.1708,1800,5
91,7,5,2,65.9735,1700,5
92,8,16,2,66.3406,800,6
93,6,16,2,68.2643,900,7
94,6,6,2,68.5788,2000,3
95,15,19,2,68.6866,1300,7
96,14,18,2,69.4242,1800,3
97,7,14,2,69.4997,2000,6
98,13,20,2,70.0184,1500,5
99,10,5,2,70.3052,500,4
100,7,11,2,71.1544,1500,3
101,6,18,2,71.165,1600,7
102,9,10,2,71.4014,1800,7
103,13,20,2,73.3204,1900,7
104,15,13,2,73.7625,1600,7
105,15,8,2,73.8679,800,5
106,13,14,2,75.678,1000,3
107,4,16,2,76.5006,600,7
108,15,19,2,76.7952,1700,5
109,8,12,2,77.277,1800,4
110,10,7,2,79.3131,1200,5
111,3,17,2,79.6727,1200,4
112,6,13,2,80.0111,1700,6
113,11,14,2,81.3621,500,5
114,13,13,2,81.5321,1900,3
115,10,11,2,81.9951,1000,5
116,12,20,2,83.9638,700,3
117,8,14,2,84.6225,1000,3
118,9,18,2,84.652,1700,3
119,3,6,2,84.9522,1000,7
120,3,13,2,85.2393,900,5
121,9,10,2,85.2507,1600,5
122,7,8,2,86.3193,1000,7
123,9,15,2,86.4072,1300,4
124,3,18,2,86.8307,600,6
125,4,11,2,87.0617,1200,7
126,10,17,2,88.8936,1700,4
127,5,6,2,89.7281,600,7
128,7,5,2,90.0114,1100,4
129,12,8,2,90.3205,1900,6
130,9,12,2,90.5163,2000,5
131,9,11,2,90.8228,1400,5
132,3,12,2,91.5142,700,4
133,6,7,2,91.6884,1000,6
134,9,7,2,93.3296,2000,3
135,13,6,2,93.5375,2000,4
136,9,13,2,93.6443,1100,3
137,13,7,2,94.2413,1100,7
138,6,9,2,94.7993,800,3
139,13,20,2,96.5653,1500,6
140,4,11,2,96.8127,900,6
141,10,13,2,98.7369,1400,3
142,7,14,2,99.0114,500,6
143,4,5,2,99.508,800,5
144,3,20,2,99.9282,900,7
145,13,15,2,100.1223,1600,3
146,3,5,2,101.2708,1400,5
147,10,19,2,101.8631,600,3
148,14,8,2,103.2404,500,7
149,6,14,2,103.4232,1400,7
150,6,5,2,105.2392,1300,5
151,9,6,2,106.9302,1800,5
152,11,11,2,107.9467,1700,3
153,3,9,2,108.3014,800,4
154,12,9,2,109.1242,700,4
155,15,5,2,109.5547,1700,4
156,4,20,2,109.6074,1600,6
157,3,15,2,109.7897,700,6
158,8,11,2,110.7826,1500,5
159,7,5,2,110.8064,2000,4
160,13,11,2,111.2822,1500,3
161,3,14,2,111.8299,1200,6
162,4,15,2,111.8919,1900,6
163,14,10,2,112.7138,2000,4
164,5,9,2,113.1262,500,5
165,7,20,2,113.4069,1900,3
166,8,15,2,113.4127,1400,4
167,6,6,2,114.1018,1200,6
168,5,13,2,115.3349,600,5
169,11,5,2,116.1044,1200,4
170,3,6,2,116.7964,1600,5
171,15,18,2,116.943,1800,7
172,7,8,2,116.9547,2000,3
173,5,15,2,117.3253,1100,5
174,5,17,2,117.5714,500,5
175,7,9,2,117.6726,1300,3
176,4,6,2,117.8095,1300,7
177,6,8,2,118.4889,1000,3
178,12,16,2,119.7852,1000,5
179,9,11,2,120.6024,1800,5
180,3,17,2,121.7824,800,3
181,8,11,2,121.9779,1100,3
182,3,12,2,122.5152,800,7
183,9,20,2,122.6548,1900,5
184,4,18,2,122.9466,700,4
185,8,9,2,123.338,700,3
186,8,18,2,123.4748,1500,3
187,11,5,2,123.5517,1100,5
188,7,9,2,123.9731,1300,6
189,15,8,2,124.6754,1000,5
190,15,12,2,125.2315,1300,3
191,4,19,2,125.5455,1500,7
192,11,20,2,126.336,500,6
193,14,9,2,126.5104,800,5
194,10,18,2,128.104,1200,3
195,11,9,2,128.5657,1800,7
196,9,18,2,129.0953,1300,4
197,11,20,2,129.376,800,4
198,3,9,2,130.2189,1100,6
199,9,18,2,130.5212,500,4
200,12,19,2,130.5732,1800,3
201,10,10,2,131.9942,1600,5
202,9,7,2,133.7469,500,5
203,13,5,2,133.8,1300,5
204,15,12,2,133.8147,1400,6
205,5,11,2,135.5342,600,7
206,10,13,2,135.9888,900,5
207,9,15,2,137.2224,1400,5
208,10,15,2,138.0243,1400,6
209,15,8,2,138.7202,600,7
210,15,8,2,140.0644,800,7
211,6,18,2,140.0816,1700,6
212,7,19,2,140.3934,1800,7
213,15,18,2,140.779,1500,6
214,13,15,2,144.043,2000,7
215,5,13,2,144.6643,500,4
216,14,7,2,146.2192,900,6
217,7,5,2,146.4849,500,3
218,11,11,2,147.6825,2000,6
219,10,17,2,147.7364,1000,6
220,6,18,2,147.8132,1500,6
221,11,9,2,148.3309,1900,6
222,11,9,2,149.5615,1400,4
223,12,9,2,149.5739,1600,3
224,10,13,2,150.4537,500,5
225,8,7,2,150.9017,1200,5
226,4,13,2,151.3962,700,6
227,12,6,2,152.3728,1100,7
228,3,11,2,152.6022,1100,4
229,14,14,2,152.9131,500,7
230,4,14,2,152.9187,1200,4
231,7,8,2,154.034,1500,6
232,8,12,2,154.6751,1500,3
233,13,19,2,155.7207,2000,4
234,12,11,2,156.2931,1700,6
235,6,9,2,156.3723,500,5
236,6,19,2,156.4123,1500,7
237,12,19,2,156.7046,1600,5
238,8,20,2,157.0648,900,6
239,3,16,2,157.2544,1800,7
240,3,15,2,157.5533,1900,4
241,7,12,2,157.9887,1500,6
242,10,13,2,158.1954,1700,6
243,6,18,2,158.4391,1900,3
244,3,15,2,158.9159,800,4
245,4,18,2,159.4259,1300,6
246,10,7,2,160.6258,1100,4
247,5,5,2,160.7555,1200,4
248,3,8,2,160.9209,500,7
249,6,10,2,161.1048,900,5
250,6,13,2,162.0277,1000,7
251,10,16,2,163.5843,1100,4
252,15,20,2,165.5968,1700,3
253,14,15,2,166.4286,1800,4
254,14,14,2,166.5506,700,4
255,9,6,2,166.6182,900,3
256,11,10,2,168.0802,600,7
257,3,17,2,172.0384,1000,4
258,13,15,2,172.3238,1300,6
259,11,15,2,172.6728,900,4
260,11,13,2,173.0533,1500,5
261,11,16,2,173.6465,1200,7
262,3,15,2,174.0838,1100,4
263,9,17,2,174.3349,900,7
264,10,9,2,174.9836,1500,6
265,12,6,2,175.5851,900,7
266,5,19,2,176.4359,1800,4
267,13,9,2,177.2301,1500,3
268,9,13,2,177.4442,500,6
269,5,9,2,178.166,1800,7
270,14,12,2,179.1557,1800,6
271,4,12,2,181.3315,700,7
272,7,6,2,181.8493,500,7
273,15,5,2,181.9278,1400,5
274,6,18,2,181.9386,800,4
275,15,5,2,182.5857,700,5
276,10,12,2,183.1629,900,5
277,9,10,2,183.7813,1000,4
278,5,12,2,184.0685,1200,3
279,12,13,2,184.0762,1700,7
280,4,7,2,184.9226,1400,4
281,3,6,2,185.6609,1600,6
282,15,10,2,187.3128,1800,5
283,11,14,2,192.4311,1200,5
284,7,18,2,192.4501,1800,5
285,9,10,2,194.4576,1300,4
286,15,12,2,195.6149,1500,3
287,7,15,2,197.0427,800,4
288,4,14,2,197.4648,1100,7
289,6,13,2,197.6078,1200,4
290,4,12,2,197.6857,1500,5
291,7,15,2,198.3191,1800,7
292,14,14,2,198.5612,600,7
293,15,8,2,198.563,1500,4
294,9,5,2,199.7514,500,5
295,9,5,2,200.2049,500,7
296,12,20,2,202.0917,900,7
297,11,17,2,202.5532,600,4
298,10,10,2,203.4761,1800,7
299,7,10,2,203.8895,900,3
300,5,13,2,204.9893,1100,4
301,7,14,2,205.8755,900,4
302,5,14,2,205.9235,1700,6
303,11,14,2,206.3123,2000,4
304,13,15,2,206.7209,1900,6
305,15,19,2,206.7429,1300,3
306,13,10,2,208.8307,1200,3
307,11,16,2,208.9058,1000,6
308,11,18,2,209.022,500,4
309,3,17,2,211.2903,900,5
310,14,14,2,213.1796,1100,5
311,12,18,2,214.9237,600,4
312,4,16,2,214.9649,500,5
313,15,19,2,215.0143,1100,4
314,3,19,2,215.7516,700,7
315,6,20,2,215.9225,2000,3
316,9,13,2,217.7626,800,4
317,6,14,2,218.6416,1100,4
318,12,7,2,220.5945,1500,5
319,7,16,2,220.8724,700,7
320,15,7,2,221.1887,800,6
321,13,5,2,221.8836,1500,5
322,5,16,2,221.9939,1100,4
323,12,7,2,222.0728,1100,7
324,6,18,2,222.284,1200,4
325,15,8,2,222.5923,1000,3
326,7,10,2,222.6129,2000,5
327,8,19,2,223.0669,2000,3
328,7,14,2,223.1265,1700,5
329,9,9,2,224.1171,1600,4
330,11,14,2,224.1368,1200,4
331,14,10,2,224.7172,1800,4
332,14,5,2,225.2457,1400,3
333,4,18,2,225.4203,1300,3
334,3,16,2,225.7144,900,3
335,12,9,2,225.8024,1100,5
336,11,7,2,226.2902,1300,3
337,12,12,2,226.472,1300,5
338,4,9,2,226.611,1700,7
339,5,16,2,227.0984,600,4
340,8,18,2,227.1312,1100,4
341,13,16,2,227.1953,1300,7
342,12,8,2,229.2407,800,3
343,4,14,2,231.5983,2000,5
344,11,15,2,231.715,1200,5
345,8,19,2,233.0913,1100,6
346,9,11,2,233.4431,1600,5
347,15,7,2,234.4248,700,7
348,5,7,2,234.676,1100,6
349,11,20,2,237.3755,800,3
350,12,10,2,237.3895,600,4
351,4,15,2,237.5528,1300,5
352,14,8,2,238.1152,1400,7
353,8,19,2,238.8554,800,3
354,8,16,2,239.0845,900,7
355,3,11,2,239.5294,1900,6
356,5,19,2,239.7183,1700,6
357,14,10,2,239.8377,900,4
358,7,6,2,240.0155,600,6
359,13,18,2,240.1551,1900,4
360,10,14,2,240.6155,1200,7
361,6,15,2,240.9479,1600,6
362,10,20,2,241.1955,1900,3
363,6,14,2,241.6976,1700,6
364,6,19,2,241.8887,900,7
365,10,6,2,242.0224,1600,4
366,9,14,2,242.3647,1700,7
367,7,6,2,242.69,500,6
368,9,19,2,242.882,800,3
369,7,12,2,243.5242,2000,7
370,4,6,2,243.8832,1800,7
371,11,15,2,244.3213,2000,4
372,15,18,2,244.4471,1400,7
373,14,12,2,246.8143,2000,5
374,12,19,2,247.2367,1800,6
375,14,8,2,247.5343,1300,6
376,4,16,2,250.0524,1000,3
377,13,20,2,250.3734,600,7
378,14,18,2,251.0682,900,7
379,14,13,2,251.2861,500,3
380,9,16,2,251.5141,600,5
381,6,10,2,252.2281,1300,5
382,7,10,2,253.0779,1400,6
383,9,6,2,253.5227,500,6
384,12,18,2,254.2358,1500,3
385,5,16,2,255.8816,1300,5
386,15,15,2,255.9518,1600,4
387,3,13,2,256.6581,1800,7
388,12,15,2,257.319,1400,5
389,12,16,2,257.9511,900,7
390,13,18,2,258.9009,1600,7
391,14,6,2,260.6295,1200,6
392,10,7,2,261.2227,900,6
393,13,6,2,261.2759,1900,7
394,12,14,2,261.5608,1400,7
395,14,13,2,261.6511,1000,6
396,10,5,2,262.3753,1200,3
397,7,15,2,262.486,1900,3
398,14,14,2,263.3862,1800,3
399,12,19,2,263.6655,1400,5
400,11,7,2,263.6988,1700,5
401,6,16,2,263.7038,600,3
402,4,12,2,265.1251,1800,5
403,4,6,2,266.4478,800,4
404,9,9,2,266.8474,1000,5
405,8,16,2,267.3497,1900,6
406,3,18,2,267.5337,1100,5
407,11,19,2,267.772,1000,5
408,15,16,2,268.5837,800,6
409,13,13,2,269.0554,1300,7
410,11,19,2,269.3822,1600,7
411,3,7,2,269.5282,1500,6
412,10,6,2,270.153,900,7
413,14,11,2,270.5541,600,6
414,10,9,2,271.6961,1600,5
415,3,11,2,272.3576,700,6
416,12,16,2,272.6586,1900,5
417,7,9,2,272.7356,1100,5
418,9,6,2,272.7512,1700,4
419,4,9,2,273.43,1300,7
420,15,13,2,274.0155,1900,6
421,7,18,2,274.0506,1900,7
422,11,19,2,274.3025,1000,5
423,13,10,2,275.3578,2000,5
424,15,5,2,275.3679,1500,4
425,5,6,2,275.387,1600,5
426,13,19,2,275.7837,1600,5
427,8,15,2,275.8388,900,7
428,13,10,2,275.9121,1400,6
429,6,5,2,276.8851,1200,3
430,15,5,2,277.3507,1000,6
431,11,20,2,277.5296,1400,6
432,14,14,2,277.6838,1100,5
433,8,7,2,279.7291,1800,3
434,14,9,2,284.1416,1900,4
435,8,14,2,284.2517,2000,7
436,9,16,2,284.8765,1900,7
437,15,12,2,285.4466,1300,4
438,13,19,2,286.0246,1100,6
439,13,9,2,286.2941,2000,4
440,8,9,2,287.0904,1500,7
441,5,10,2,288.133,500,3
442,10,5,2,288.318,1700,4
443,15,19,2,288.8954,1000,5
444,4,20,2,289.3771,600,5
445,4,12,2,289.847,1000,3
446,6,18,2,289.8718,1300,7
447,10,20,2,290.6308,1600,4
448,7,7,2,290.812,1800,4
449,10,13,2,291.3301,900,4
450,12,20,2,291.7447,1600,4
451,11,14,2,293.8063,700,5
452,4,7,2,294.091,700,6
453,5,15,2,294.807,1000,6
454,15,5,2,295.3079,1900,4
455,7,13,2,295.6595,1500,5
456,11,13,2,295.8262,1000,4
457,4,20,2,296.447,700,4
458,13,18,2,297.2652,1000,6
459,13,7,2,297.421,2000,4
460,4,6,2,298.2545,1300,7
461,6,12,2,298.9303,1500,7
462,10,7,2,299.0289,1900,3
463,15,20,2,299.225,1800,6
464,8,9,2,299.4785,1700,6
465,6,13,2,299.961,1000,4
466,13,5,2,300.8017,800,6
467,14,10,2,302.307,1300,4
468,5,13,2,303.6071,2000,3
469,15,13,2,305.3397,700,3
470,12,16,2,305.5348,1100,3
471,3,7,2,307.9733,1300,4
472,8,9,2,308.378,1500,7
473,7,17,2,309.8268,1800,4
474,5,5,2,310.8006,1600,5
475,8,6,2,311.4858,1000,7
476,7,20,2,312.4177,1200,7
477,9,10,2,313.6231,800,5
478,6,16,2,313.7695,800,4
479,15,10,2,314.5284,900,3
480,4,16,2,314.8774,1500,6
481,11,14,2,314.9159,2000,3
482,10,10,2,314.9367,1400,5
483,11,20,2,314.9684,900,7
484,3,15,2,315.3676,1100,3
485,9,6,2,316.5386,1000,5
486,4,19,2,317.7841,1400,5
487,8,11,2,319.0054,700,5
488,6,16,2,319.9979,1800,4
489,13,13,2,320.5483,1100,3
490,13,13,2,320.843,1600,6
491,4,13,2,320.9274,1600,7
492,8,13,2,322.0482,1500,3
493,9,12,2,322.9125,1700,3
494,10,16,2,323.6901,700,4
495,5,15,2,323.89,1100,6
496,13,11,2,324.32,1300,3
497,8,18,2,325.527,1500,6
498,13,14,2,327.0487,600,6
499,7,7,2,327.6249,900,7
500,6,17,2,328.0046,1600,4
501,15,6,2,328.6385,1700,3
502,6,13,2,328.687,1200,3
503,8,9,2,328.9352,1000,6
504,14,18,2,330.8636,1300,6
505,8,18,2,332.0782,1600,6
506,6,5,2,332.4692,1700,7
507,6,9,2,332.6826,2000,3
508,11,9,2,333.7014,500,7
509,9,20,2,333.7642,700,3
510,10,18,2,333.9328,900,5
511,9,10,2,334.7706,600,4
512,9,10,2,334.7711,1500,7
513,6,8,2,336.6543,800,6
514,9,11,2,338.6622,1000,5
515,10,10,2,339.0239,1300,4
516,15,19,2,340.7174,1200,5
517,6,17,2,341.4118,1100,3
518,5,17,2,342.0906,1400,7
519,15,5,2,342.1601,1300,3
520,10,15,2,342.715,1500,4
521,9,13,2,342.9252,1900,5
522,4,17,2,343.2621,2000,4
523,5,14,2,344.0039,500,3
524,4,12,2,344.1387,1300,4
525,6,17,2,345.1313,800,3
526,9,15,2,345.5737,2000,3
527,13,7,2,346.7249,1000,3
528,6,7,2,347.7043,600,5
529,10,15,2,348.8256,1700,3
530,4,20,2,349.1018,1200,4
531,9,5,2,349.1062,1800,3
532,7,12,2,349.5245,1600,5
533,9,11,2,352.0334,1000,6
534,3,15,2,352.5277,1700,3
535,6,20,2,353.5125,1300,3
536,11,17,2,353.6171,1500,5
537,11,5,2,353.9553,700,7
538,9,9,2,353.9611,1100,6
539,3,7,2,353.9879,500,6
540,6,17,2,354.4326,1300,5
541,14,17,2,355.5048,1900,6
542,4,13,2,356.4142,1600,5
543,10,19,2,356.7364,1900,4
544,7,18,2,357.1636,1500,7
545,6,8,2,359.7662,2000,4
546,10,11,2,360.1794,1600,5
547,9,14,2,360.4854,1500,5
548,11,16,2,360.7042,1500,4
549,6,20,2,360.9385,1800,5
550,7,7,2,361.0254,1900,7
551,13,9,2,361.5231,700,3
552,5,20,2,361.6246,1100,5
553,13,6,2,363.2388,1200,3
554,6,17,2,365.4852,1900,4
555,7,15,2,365.6064,800,3
556,14,11,2,365.7008,1400,7
557,8,13,2,365.9125,1900,5
558,3,12,2,367.0165,700,4
559,6,19,2,368.1661,1700,4
560,13,12,2,369.0561,1000,6
561,11,13,2,369.3599,1800,6
562,12,5,2,369.7421,800,7
563,11,5,2,370.5518,1500,3
564,5,13,2,372.0843,1100,4
565,9,15,2,372.5317,1600,4
566,14,10,2,373.7376,1500,6
567,5,5,2,373.9995,1300,4
568,9,7,2,374.1842,1900,4
569,10,20,2,374.2306,1200,5
570,14,18,2,375.084,1700,3
571,10,20,2,378.2746,1400,4
572,13,8,2,379.3025,500,6
573,4,20,2,380.8755,1800,6
574,6,7,2,381.3522,1600,6
575,5,7,2,381.9981,1200,5
576,11,16,2,382.0755,1300,5
577,5,10,2,382.4328,800,6
578,9,10,2,383.5947,1900,6
579,15,15,2,386.0405,700,5
580,4,7,2,386.759,1400,4
581,15,5,2,387.5434,1100,7
582,4,7,2,387.6853,1000,6
583,11,9,2,388.2673,1400,3
584,9,9,2,388.2863,1300,3
585,6,15,2,388.2952,1400,7
586,9,9,2,389.8435,1100,6
587,15,19,2,390.3421,1400,6
588,6,12,2,391.2976,1700,5
589,7,20,2,391.8465,2000,4
590,6,14,2,392.2869,500,6
591,5,6,2,393.1505,700,3
592,11,17,2,393.2028,1100,7
593,11,7,2,393.3488,1400,6
594,5,16,2,393.3734,900,7
595,11,7,2,393.4592,700,3
596,15,16,2,393.5706,1900,3
597,15,6,2,393.6669,2000,6
598,13,19,2,393.6922,500,6
599,14,16,2,393.8125,1300,6
600,8,9,2,394.3857,1200,4
601,12,11,2,394.5498,1400,4
602,7,13,2,395.28,1600,7
603,12,12,2,396.5061,1700,4
604,3,19,2,396.5145,1500,4
605,6,15,2,400.6929,800,5
606,11,6,2,400.7115,900,5
607,9,11,2,400.9901,2000,4
608,14,17,2,401.0687,600,5
609,7,15,2,402.884,1800,3
610,11,12,2,404.0613,700,4
611,14,9,2,404.4185,500,7
612,4,19,2,404.5578,1000,4
613,13,11,2,404.7381,900,5
614,4,17,2,405.0957,1200,7
615,8,13,2,405.179,1000,5
616,6,17,2,405.2533,800,6
617,8,20,2,405.4659,1500,6
618,4,19,2,405.4754,700,3
619,12,14,2,405.6716,2000,4
620,3,16,2,406.0647,1900,3
621,8,7,2,406.3559,1300,6
622,10,16,2,406.9844,1700,5
623,13,8,2,407.9209,1300,3
624,5,7,2,408.2226,600,6
625,11,8,2,409.8669,1200,5
626,13,14,2,411.2756,1500,6
627,15,12,2,411.7453,1600,7
628,12,18,2,414.2194,2000,5
629,8,13,2,414.2401,1700,3
630,9,13,2,415.8891,1100,3
631,12,17,2,416.3918,1300,7
632,13,12,2,416.9294,1100,6
633,7,12,2,418.4856,1200,5
634,13,10,2,419.8131,1300,3
635,11,8,2,420.2024,1700,4
636,15,12,2,420.2294,1200,5
637,14,20,2,420.6883,1400,6
638,13,5,2,420.742,1600,5
639,14,16,2,420.7934,1200,6
640,6,13,2,420.8268,800,6
641,12,11,2,421.2749,1300,6
642,10,6,2,421.9232,1400,7
643,15,14,2,422.1878,600,6
644,12,7,2,422.753,900,7
645,3,11,2,423.2873,900,6
646,5,19,2,425.004,1800,4
647,15,10,2,425.2453,1700,5
648,8,11,2,426.0864,1800,4
649,8,6,2,426.2868,500,6
650,7,5,2,426.4432,1900,4
651,5,13,2,426.7669,500,7
652,9,20,2,427.5401,2000,4
653,8,6,2,428.1413,800,3
654,12,15,2,428.5487,1800,7
655,6,9,2,430.108,600,3
656,3,5,2,430.2213,700,3
657,12,5,2,431.0967,2000,3
658,11,20,2,432.2746,1700,3
659,4,12,2,432.5307,600,4
660,6,20,2,433.384,500,4
661,9,5,2,434.466,1000,4
662,5,8,2,435.0689,1000,6
663,14,7,2,435.3926,1700,7
664,6,5,2,435.4511,900,3
665,13,18,2,435.6458,1900,5
666,14,9,2,437.2813,1000,4
667,7,6,2,437.5643,1000,6
668,15,7,2,437.6637,1700,4
669,3,10,2,438.2712,1400,3
670,10,13,2,439.0071,1700,4
671,5,5,2,439.1328,800,5
672,7,19,2,439.2398,1700,4
673,7,6,2,440.3007,1700,5
674,12,17,2,441.0777,1400,6
675,15,20,2,441.2562,1100,5
676,5,8,2,441.6052,700,3
677,9,20,2,441.9149,500,6
678,3,17,2,442.5848,2000,3
679,12,10,2,443.3896,600,3
680,13,17,2,443.5455,500,6
681,14,17,2,444.2754,1100,3
682,13,19,2,444.3599,1500,3
683,11,14,2,445.1122,700,4
684,9,13,2,445.6787,1000,7
685,4,15,2,445.8125,1000,7
686,6,13,2,447.0511,1900,5
687,10,8,2,449.0828,900,3
688,11,17,2,451.0132,700,3
689,8,6,2,451.7389,800,4
690,5,18,2,451.9337,1100,4
691,13,5,2,453.131,600,6
692,14,11,2,453.7191,2000,3
693,14,13,2,455.9956,700,4
694,5,19,2,456.1687,900,3
695,7,19,2,456.4516,900,6
696,5,10,2,457.208,1300,3
697,3,8,2,458.0321,1100,6
698,8,10,2,458.4983,800,4
699,4,16,2,459.0856,600,3
700,13,5,2,459.1208,800,3
701,14,18,2,459.2002,1300,4
702,3,19,2,459.5571,1900,5
703,14,8,2,459.5936,500,4
704,5,9,2,459.8825,900,3
705,4,11,2,460.8023,1400,4
706,8,9,2,461.7727,1500,7
707,10,15,2,462.1944,1200,7
708,10,13,2,463.1945,1000,4
709,14,6,2,463.7121,600,3
710,6,6,2,463.8565,1700,4
711,9,16,2,464.0056,1300,6
712,5,16,2,464.9211,1100,6
713,15,20,2,464.9332,1400,3
714,11,16,2,465.4172,1000,6
715,5,20,2,465.8017,1800,3
716,12,10,2,465.9519,900,3
717,6,6,2,469.7456,1100,6
718,4,13,2,469.7733,500,3
719,15,12,2,470.8531,1800,3
720,12,17,2,472.3038,1400,4
721,8,8,2,472.7807,800,4
722,7,7,2,473.9877,1000,3
723,7,11,2,474.4279,1100,4
724,14,12,2,474.534,1400,5
725,13,17,2,475.4044,900,5
726,13,12,2,475.5665,1300,3
727,13,19,2,476.8992,600,7
728,7,5,2,476.9706,700,3
729,13,19,2,478.2392,700,7
730,12,10,2,478.8176,1900,5
731,4,6,2,478.8904,700,6
732,8,10,2,479.8809,2000,3
733,8,17,2,481.5855,1000,3
734,12,8,2,482.1511,1700,6
735,12,7,2,484.1228,1900,6
736,14,6,2,484.7576,500,4
737,8,7,2,485.3025,600,3
738,12,11,2,486.4939,600,6
739,8,6,2,487.2105,1200,3
740,11,15,2,487.4256,1300,7
741,9,7,2,489.6563,1800,7
742,15,15,2,490.9049,1700,7
743,11,7,2,491.8537,700,7
744,13,9,2,492.0738,1300,6
745,8,11,2,492.1847,1200,7
746,15,10,2,492.7263,2000,3
747,4,17,2,493.0541,800,7
748,9,5,2,494.406,500,5
749,6,6,2,496.5417,500,5
750,11,7,2,496.8253,900,6
751,7,20,2,498.0234,1400,6
752,12,18,2,498.09,1200,7
753,13,17,2,498.3531,900,7
754,7,11,2,499.7654,1400,7
755,13,8,2,501.9481,1900,6
756,15,19,2,501.9656,600,7
757,8,7,2,502.5411,700,6
758,10,13,2,502.7079,1200,7
759,6,14,2,502.7155,1900,6
760,3,5,2,502.7527,700,7
761,7,10,2,502.8619,800,6
762,6,11,2,503.0513,1300,5
763,14,11,2,503.3014,1000,4
764,8,16,2,503.66,2000,7
765,3,19,2,503.6681,900,5
766,9,17,2,504.2071,1000,7
767,15,19,2,506.0297,1600,6
768,3,11,2,506.5367,700,7
769,9,17,2,507.6329,1400,4
770,7,6,2,507.9564,1900,5
771,8,9,2,508.3547,600,5
772,14,17,2,508.7935,1200,5
773,11,17,2,508.8,1100,5
774,14,12,2,509.4357,2000,7
775,9,18,2,509.5096,2000,5
776,12,7,2,509.7161,600,5
777,14,17,2,510.0043,1500,3
778,12,13,2,510.3697,900,7
779,12,15,2,511.1182,800,6
780,12,17,2,512.1296,1500,4
781,6,8,2,513.8116,900,3
782,6,15,2,514.8745,1100,3
783,14,7,2,515.0022,700,5
784,14,11,2,515.4254,1300,7
785,4,20,2,515.8498,800,4
786,15,19,2,516.8834,900,6
787,5,15,2,517.5522,1300,7
788,6,5,2,518.0291,600,5
789,3,13,2,518.0546,1500,3
790,7,16,2,518.1942,1800,7
791,14,16,2,518.7201,1600,6
792,4,19,2,519.1168,1600,7
793,6,6,2,519.3598,1000,4
794,6,15,2,519.5073,800,5
795,9,10,2,521.0479,1800,7
796,4,17,2,523.5394,600,7
797,8,19,2,523.7846,2000,7
798,11,13,2,524.1424,2000,6
799,5,11,2,524.5594,1000,4
800,13,19,2,526.5918,900,3
801,12,8,2,526.6355,500,7
802,12,19,2,526.9289,600,6
803,8,11,2,527.7952,900,7
804,12,19,2,528.0428,1800,3
805,4,13,2,529.8968,1600,5
806,12,20,2,530.0288,900,5
807,6,16,2,530.1959,1200,7
808,13,19,2,531.452,1400,7
809,5,11,2,532.2616,1100,5
810,6,11,2,534.7307,1000,3
811,13,8,2,535.359,600,5
812,7,11,2,536.4609,1200,6
813,11,20,2,536.952,1900,4
814,14,6,2,538.4594,700,7
815,9,14,2,538.7387,1100,5
816,14,20,2,539.114,1100,5
817,3,20,2,539.4006,900,6
818,8,12,2,541.2777,1100,5
819,3,12,2,541.4838,1700,6
820,12,17,2,544.9988,600,5
821,5,17,2,545.872,1500,6
822,14,14,2,546.2264,1100,4
823,11,15,2,548.3122,1600,6
824,10,13,2,549.0142,900,4
825,14,6,2,550.2112,1000,3
826,7,5,2,551.2688,1700,4
827,8,10,2,551.312,1700,3
828,9,5,2,551.5757,1200,6
829,14,20,2,552.4832,1700,3
830,3,19,2,553.0581,1400,5
831,9,14,2,553.3746,1100,5
832,9,6,2,554.1242,1900,4
833,9,16,2,556.28,1400,7
834,6,13,2,556.6232,1000,7
835,12,10,2,557.332,500,5
836,9,5,2,559.085,700,6
837,4,12,2,560.9656,1500,4
838,12,17,2,561.3304,1800,7
839,14,8,2,561.429,800,7
840,11,8,2,561.5966,600,6
841,8,6,2,562.3365,800,4
842,5,13,2,562.9601,1200,4
843,14,16,2,563.6316,1400,3
844,11,19,2,565.3321,1900,6
845,11,7,2,567.1699,2000,4
846,11,11,2,567.9009,900,6
847,8,16,2,568.6265,700,7
848,3,14,2,569.2649,1300,7
849,4,16,2,569.5018,900,3
850,10,14,2,570.0601,500,6
851,7,6,2,571.098,1700,7
852,11,19,2,571.5553,1000,3
853,14,7,2,573.8326,1200,6
854,12,19,2,574.4364,1600,6
855,7,8,2,574.4467,600,5
856,7,11,2,577.401,1500,5
857,15,14,2,577.4237,1400,4
858,15,7,2,578.5509,2000,6
859,9,11,2,579.4647,1600,6
860,7,7,2,580.1214,800,6
861,7,15,2,580.2935,900,3
862,15,8,2,582.2103,2000,6
863,11,15,2,582.8729,600,7
864,9,15,2,583.4608,1300,7
865,12,18,2,583.7753,1400,3
866,6,17,2,583.8521,1200,6
867,8,7,2,586.2364,1200,4
868,8,13,2,588.0849,800,4
869,11,13,2,588.9343,1600,6
870,4,7,2,588.9754,1500,5
871,8,11,2,589.0025,2000,7
872,7,16,2,589.4993,500,5
873,11,11,2,591.9591,900,4
874,6,12,2,592.4061,500,6
875,5,10,2,593.7464,900,5
876,4,15,2,594.4372,1300,6
877,7,14,2,595.0865,1800,3
878,6,11,2,595.3972,1200,4
879,12,7,2,595.8727,2000,3
880,10,15,2,597.1517,1100,7
881,4,11,2,597.6853,1700,3
882,7,14,2,598.0182,1400,3
883,3,13,2,598.3887,1300,3
884,3,17,2,598.409,800,6
885,9,17,2,599.5753,500,3
886,14,14,2,599.8454,1000,3
887,15,18,2,599.9475,1400,7
888,15,18,2,600.4586,1900,4
889,11,10,2,600.6053,1100,7
890,12,5,2,601.1569,1500,3
891,15,17,2,602.2867,1200,4
892,8,6,2,602.2925,2000,4
893,10,14,2,603.0974,1300,7
894,10,15,2,603.1309,1800,4
895,12,20,2,603.2477,1400,5
896,15,12,2,603.8573,700,7
897,8,9,2,604.5637,1100,5
898,10,18,2,605.4267,1200,6
899,10,9,2,606.2552,1900,4
900,15,5,2,607.9893,1900,6
901,3,9,2,608.13,2000,6
902,7,9,2,609.8816,600,7
903,5,7,2,610.3918,1800,4
904,10,14,2,611.298,800,7
905,14,14,2,611.3311,1300,3
906,12,9,2,611.4408,1200,3
907,8,17,2,613.8673,1700,7
908,7,6,2,614.4012,2000,7
909,12,15,2,614.6868,1600,5
910,11,18,2,615.1021,1500,4
911,4,14,2,615.2664,700,7
912,8,20,2,615.7334,900,7
913,9,13,2,616.0976,2000,4
914,12,17,2,618.2457,1300,4
915,14,13,2,618.3358,1000,6
916,4,7,2,618.3938,2000,3
917,11,13,2,618.6966,800,4
918,8,11,2,619.268,700,3
919,9,19,2,619.3233,1000,6
920,14,5,2,620.0747,1000,7
921,9,20,2,620.1331,2000,6
922,11,16,2,620.5315,2000,3
923,11,6,2,620.6182,1600,3
924,12,20,2,621.3496,1600,3
925,10,10,2,622.0813,1700,4
926,15,10,2,622.3689,1500,4
927,15,9,2,622.9913,1600,6
928,10,10,2,623.229,600,6
929,15,18,2,623.6354,700,6
930,5,5,2,625.597,1300,5
931,13,14,2,626.1212,2000,5
932,13,17,2,626.6432,1300,7
933,3,11,2,626.9875,800,5
934,7,18,2,627.6957,600,3
935,7,8,2,629.0153,800,7
936,14,8,2,630.2904,1800,3
937,15,7,2,632.8618,600,5
938,5,8,2,632.916,2000,7
939,15,7,2,632.9551,1300,5
940,9,12,2,633.3696,1400,7
941,5,7,2,634.3735,1800,6
942,13,9,2,634.5309,1500,3
943,8,9,2,635.3501,800,5
944,3,12,2,637.0754,1500,5
945,10,18,2,637.5842,900,5
946,13,10,2,638.5618,900,3
947,10,14,2,638.7298,1800,6
948,11,15,2,638.8125,1100,6
949,6,10,2,641.2419,1000,7
950,8,7,2,641.7696,600,5
951,3,13,2,641.7732,1800,4
952,13,17,2,642.6934,1700,7
953,8,12,2,645.4879,1500,3
954,5,16,2,646.6782,800,5
955,13,15,2,647.2458,1600,7
956,8,16,2,647.9083,900,6
957,11,16,2,649.2253,1500,7
958,13,5,2,649.5324,900,3
959,7,15,2,650.5179,1800,5
960,3,10,2,651.4734,1400,7
961,9,19,2,651.7721,1700,4
962,13,19,2,651.8448,500,4
963,9,16,2,652.236,1900,3
964,10,15,2,652.5156,1700,4
965,15,5,2,653.4954,500,7
966,10,15,2,654.158,1700,6
967,14,14,2,654.2275,900,3
968,6,15,2,654.5461,1200,3
969,4,19,2,655.1405,800,6
970,5,15,2,656.5614,700,3
971,11,13,2,656.8176,1600,7
972,4,7,2,657.0205,1300,4
973,11,6,2,657.3343,800,4
974,5,6,2,657.3659,900,3
975,7,18,2,657.5839,700,6
976,8,16,2,658.1606,600,3
977,4,9,2,658.3162,1900,6
978,10,7,2,659.9629,1900,4
979,4,19,2,660.3708,1400,4
980,11,14,2,660.5684,1700,3
981,12,20,2,663.3955,1300,4
982,11,14,2,663.5211,1000,6
983,4,20,2,664.1333,2000,3
984,11,10,2,664.3975,1400,7
985,13,18,2,665.1411,800,7
986,6,19,2,665.3892,1700,5
987,14,12,2,666.1954,600,3
988,11,18,2,667.6039,600,5
989,6,5,2,669.6817,500,5
990,3,17,2,670.3251,1900,5
991,11,10,2,670.4835,1200,6
992,5,17,2,672.015,2000,5
993,6,17,2,672.5205,1000,4
994,4,11,2,672.5849,1600,5
995,9,6,2,673.1492,1400,7
996,8,5,2,673.4605,900,3
997,7,17,2,674.0135,2000,7
998,11,7,2,674.024,1400,7
999,6,7,2,674.7981,700,5
1000,3,9,2,674.9163,1300,6
1001,8,7,2,675.7043,1200,7
1002,11,12,2,675.988,1100,7
1003,3,12,2,677.2387,900,3
1004,14,20,2,678.685,1400,6
1005,9,17,2,680.1585,1100,7
1006,8,20,2,681.8253,1500,4
1007,5,15,2,681.8748,1200,3
1008,7,15,2,682.6863,1200,4
1009,8,12,2,684.0538,1600,3
1010,14,10,2,684.3221,1300,6
1011,15,7,2,684.8244,900,3
1012,8,9,2,685.5773,1400,5
1013,4,13,2,685.9003,2000,3
1014,6,14,2,686.092,2000,5
1015,14,14,2,686.6627,600,3
1016,15,20,2,687.9602,1900,6
1017,12,6,2,688.0048,2000,5
1018,4,16,2,688.1468,2000,5
1019,7,7,2,688.1589,1800,5
1020,6,8,2,688.3043,1400,4
1021,12,9,2,689.2898,1000,7
1022,6,6,2,689.7691,900,3
1023,9,11,2,690.5335,1200,3
1024,3,13,2,691.0968,1300,4
1025,7,6,2,692.4205,1200,6
1026,9,12,2,692.7129,1700,3
1027,4,6,2,692.7677,500,3
1028,7,17,2,692.8448,1200,6
1029,6,9,2,693.816,1300,3
1030,12,10,2,693.8322,700,5
1031,12,13,2,694.5715,1700,7
1032,9,9,2,695.6106,700,3
1033,4,14,2,696.0852,600,5
1034,8,5,2,696.4601,1600,5
1035,10,5,2,696.8492,2000,5
1036,6,18,2,697.077,1600,6
1037,3,8,2,697.2386,1300,6
1038,14,17,2,699.2271,1600,3
1039,4,7,2,701.3971,700,3
1040,15,6,2,701.8144,1100,7
1041,13,17,2,701.9097,1400,6
1042,12,15,2,702.5726,1700,6
1043,11,10,2,703.4692,1100,6
1044,12,12,2,704.2718,1700,5
1045,5,7,2,705.1856,700,5
1046,3,12,2,705.9529,700,3
1047,13,17,2,707.5548,600,3
1048,15,16,2,707.7784,1800,4
1049,7,11,2,708.0348,800,6
1050,13,7,2,708.1183,1800,6
1051,14,11,2,709.5266,1900,7
1052,5,10,2,709.8705,1800,7
1053,9,6,2,710.9025,1700,7
1054,5,7,2,710.9172,800,7
1055,6,18,2,712.5429,1400,6
1056,12,18,2,712.675,700,4
1057,11,11,2,712.8245,1400,7
1058,8,15,2,713.6581,1900,7
1059,14,6,2,714.0403,1800,7
1060,12,5,2,715.2963,500,7
1061,7,9,2,715.4949,700,7
1062,7,6,2,715.8218,1900,7
1063,3,20,2,717.2223,1300,7
1064,5,12,2,721.1339,700,6
1065,5,20,2,721.5953,700,5
1066,9,16,2,721.6833,700,5
1067,5,13,2,721.9587,900,7
1068,11,12,2,722.1412,2000,6
1069,13,20,2,722.707,1600,5
1070,14,7,2,723.0782,1200,3
1071,11,20,2,723.5542,800,6
1072,3,19,2,723.8046,1000,5
1073,8,15,2,723.9309,2000,6
1074,10,14,2,724.1335,2000,4
1075,9,6,2,724.5449,2000,3
1076,11,17,2,725.281,900,3
1077,14,12,2,726.1508,500,5
1078,11,14,2,726.3766,1300,3
1079,11,6,2,729.4088,1400,3
1080,11,14,2,729.8416,600,5
1081,8,13,2,730.2559,1800,6
1082,5,17,2,730.8655,1100,7
1083,3,7,2,730.8825,1600,4
1084,4,13,2,732.3707,600,7
1085,3,19,2,734.4333,1300,3
1086,12,16,2,734.536,600,5
1087,8,20,2,735.6995,1800,6
1088,4,17,2,736.1116,800,6
1089,4,12,2,736.1665,500,7
1090,5,12,2,737.1584,1500,7
1091,7,10,2,738.4911,1900,3
1092,6,14,2,738.5716,1200,6
1093,10,15,2,738.8614,900,5
1094,13,5,2,739.1283,1800,3
1095,15,19,2,739.625,1800,3
1096,4,17,2,739.6941,1500,6
1097,6,7,2,739.7662,1700,7
1098,13,20,2,740.4757,1100,4
1099,13,11,2,740.7223,1600,7
1100,3,15,2,741.1487,1300,7
1101,13,13,2,742.5879,1400,5
1102,3,8,2,743.4513,1300,4
1103,13,16,2,743.8748,1900,6
1104,7,13,2,745.1581,1500,5
1105,9,13,2,745.2679,900,4
1106,9,12,2,745.6823,1500,3
1107,4,8,2,746.5314,2000,7
1108,10,13,2,746.6962,1300,7
1109,9,14,2,747.0541,800,6
1110,4,7,2,748.2672,600,7
1111,10,13,2,749.1048,1100,7
1112,13,7,2,749.3677,1500,5
1113,8,16,2,749.7573,1700,4
1114,10,5,2,752.5536,500,5
1115,9,7,2,753.5328,1300,5
1116,11,20,2,753.6038,900,3
1117,5,19,2,754.8927,500,3
1118,7,14,2,755.0986,600,3
1119,14,10,2,755.3669,1600,4
1120,10,18,2,755.4527,1700,5
1121,8,18,2,755.4741,900,6
1122,4,6,2,755.7925,1200,4
1123,14,8,2,755.8163,2000,5
1124,9,20,2,755.8234,1200,7
1125,4,10,2,756.2475,2000,4
1126,11,7,2,756.7997,1700,4
1127,12,10,2,757.0724,1900,6
1128,8,5,2,757.2029,600,6
1129,11,14,2,760.0553,1900,6
1130,15,14,2,760.9541,800,3
1131,14,20,2,760.9794,1600,6
1132,7,17,2,761.295,1300,7
1133,15,13,2,762.2166,700,4
1134,12,9,2,762.3738,1000,4
1135,6,10,2,762.3948,1100,4
1136,14,9,2,762.5269,1600,6
1137,7,15,2,762.7466,2000,6
1138,11,9,2,763.5233,1900,4
1139,3,10,2,764.3071,800,7
1140,6,14,2,764.5331,1800,4
1141,15,16,2,765.1533,1000,7
1142,7,10,2,765.5364,600,7
1143,11,12,2,766.0515,800,4
1144,9,6,2,766.1016,1200,7
1145,14,7,2,766.7248,1000,7
1146,13,20,2,766.7558,1100,3
1147,8,10,2,766.799,600,3
1148,5,11,2,769.7918,500,7
1149,14,11,2,770.8624,1100,5
1150,9,5,2,770.9682,1800,6
1151,3,13,2,771.7313,1300,7
1152,4,16,2,773.0527,600,7
1153,5,11,2,775.6865,1100,3
1154,4,5,2,778.6635,1900,5
1155,6,11,2,778.7363,600,3
1156,4,17,2,779.4683,600,7
1157,6,18,2,779.8266,1800,6
1158,10,7,2,780.4266,1000,5
1159,14,18,2,783.5662,1100,7
1160,5,19,2,784.1685,1900,7
1161,4,20,2,786.4737,1400,3
1162,10,13,2,787.4356,900,4
1163,6,9,2,787.9556,1100,6
1164,5,11,2,788.0116,1700,4
1165,15,9,2,788.9678,1800,5
1166,11,13,2,789.2701,1200,7
1167,5,12,2,789.4909,2000,7
1168,9,20,2,790.2999,2000,3
1169,3,13,2,790.8403,1400,7
1170,10,6,2,791.6962,1700,5
1171,6,16,2,792.4192,900,3
1172,8,20,2,792.487,1100,3
1173,3,16,2,793.3903,700,4
1174,3,19,2,793.7567,1400,3
1175,5,15,2,794.2077,1900,3
1176,5,12,2,794.6712,700,7
1177,13,7,2,795.1616,2000,6
1178,5,16,2,795.3273,1300,7
1179,9,15,2,795.4014,1000,4
1180,13,11,2,795.9352,1600,4
1181,5,8,2,796.2719,1300,6
1182,4,10,2,796.6964,1800,7
1183,7,11,2,796.9601,1500,5
1184,7,6,2,797.6186,900,3
1185,11,12,2,798.0085,1100,3
1186,8,15,2,798.7352,1900,4
1187,8,12,2,804.9652,1200,3
1188,15,19,2,805.597,500,4
1189,13,20,2,807.1978,1900,4
1190,5,19,2,807.6554,900,3
1191,13,14,2,809.2842,1300,7
1192,9,13,2,809.4797,1500,3
1193,14,17,2,809.7528,1400,5
1194,8,18,2,809.9798,1900,3
1195,7,20,2,812.0772,600,7
1196,15,17,2,812.2454,1600,6
1197,10,6,2,813.5687,600,3
1198,8,8,2,815.2652,600,3
1199,5,9,2,815.7319,1700,4
1200,15,19,2,816.8038,1600,4
1201,13,18,2,817.4722,900,3
1202,12,19,2,818.1854,1500,6
1203,14,14,2,819.8737,600,4
1204,4,5,2,819.8829,1500,4
1205,13,10,2,820.0347,800,5
1206,3,14,2,821.2438,700,3
1207,14,12,2,823.3179,1800,7
1208,6,14,2,823.8285,1800,3
1209,8,8,2,824.3968,1300,4
1210,11,9,2,824.6428,1000,5
1211,4,10,2,825.4233,1700,4
1212,11,13,2,827.2442,1800,5
1213,14,10,2,829.3919,900,6
1214,9,8,2,831.0323,1700,6
1215,6,8,2,831.3466,1200,6
1216,7,20,2,831.5699,900,3
1217,9,10,2,832.0559,700,4
1218,6,5,2,833.1735,1000,7
1219,10,10,2,834.6356,1600,7
1220,5,14,2,834.7361,600,6
1221,7,13,2,836.3403,1600,6
1222,13,20,2,836.5571,1100,6
1223,14,7,2,837.239,600,5
1224,10,9,2,839.3595,1900,7
1225,7,6,2,839.8814,1800,7
1226,12,10,2,840.1495,1200,4
1227,7,16,2,840.638,1600,4
1228,3,12,2,842.6613,1600,5
1229,7,14,2,844.125,1600,4
1230,14,20,2,844.7586,1300,6
1231,4,7,2,845.0611,1300,7
1232,6,7,2,845.4175,1700,6
1233,6,5,2,846.5492,1700,4
1234,12,9,2,847.1875,1600,6
1235,5,16,2,847.6348,1300,5
1236,7,6,2,849.9365,2000,6
1237,13,13,2,850.3727,1500,5
1238,8,15,2,850.4151,600,6
1239,7,11,2,850.5452,1900,6
1240,4,8,2,851.9989,1700,3
1241,15,15,2,852.3501,1500,3
1242,9,10,2,852.4131,1700,7
1243,5,13,2,852.447,1200,6
1244,12,6,2,853.3941,1200,4
1245,11,12,2,854.3275,2000,3
1246,12,13,2,856.0305,1500,7
1247,15,16,2,856.3962,1000,3
1248,10,18,2,857.3446,1300,4
1249,4,6,2,857.3595,600,5
1250,8,12,2,857.4809,700,4
1251,4,16,2,857.8208,1700,4
1252,14,18,2,858.2735,1100,3
1253,7,19,2,858.8746,800,4
1254,6,7,2,858.8972,900,6
1255,5,11,2,859.0839,500,7
1256,11,5,2,860.0714,1800,5
1257,10,19,2,861.6937,500,3
1258,9,10,2,863.0544,1300,4
1259,6,10,2,863.3805,800,7
1260,4,18,2,863.6353,1300,6
1261,4,13,2,864.2768,1700,5
1262,15,7,2,865.1247,800,5
1263,6,7,2,865.6751,1300,5
1264,7,6,2,866.7032,1100,4
1265,9,10,2,867.8693,900,7
1266,13,13,2,867.9769,1500,7
1267,13,8,2,870.7158,600,4
1268,7,6,2,870.8215,1300,5
1269,10,10,2,872.3745,1600,5
1270,8,14,2,873.1202,1400,5
1271,11,8,2,873.2748,600,3
1272,14,10,2,874.3859,1900,4
1273,10,7,2,874.7507,1200,5
1274,14,8,2,874.8608,800,7
1275,4,19,2,876.295,800,3
1276,13,16,2,876.6824,2000,4
1277,15,15,2,876.8959,1700,5
1278,14,6,2,878.7263,1900,4
1279,11,17,2,879.3338,600,4
1280,6,18,2,879.3548,1700,3
1281,3,10,2,881.2759,600,7
1282,14,15,2,882.927,1700,4
1283,11,12,2,883.6795,1600,4
1284,5,7,2,883.7915,800,7
1285,12,14,2,883.8639,1200,6
1286,5,5,2,884.7319,1400,4
1287,14,12,2,885.0581,600,4
1288,12,13,2,885.3167,1600,5
1289,3,11,2,885.9718,800,3
1290,15,5,2,886.2286,1800,5
1291,8,20,2,887.0013,700,4
1292,12,20,2,887.403,800,3
1293,9,18,2,889.2382,1700,3
1294,9,13,2,889.276,1900,6
1295,9,18,2,889.8666,1600,3
1296,6,18,2,890.0791,1000,4
1297,8,10,2,891.2011,1900,6
1298,7,10,2,892.4502,1800,7
1299,13,13,2,892.6792,500,4
1300,15,14,2,893.1146,500,3
1301,4,12,2,893.3149,1000,7
1302,15,18,2,893.4965,1000,4
1303,14,11,2,897.0338,1900,5
1304,11,12,2,897.3259,1800,6
1305,15,19,2,897.7507,1300,6
1306,15,5,2,899.4406,1800,4
1307,10,5,2,899.98,1300,3
1308,11,12,2,900.4078,1000,4
1309,10,12,2,901.8715,1700,5
1310,14,7,2,901.8816,1500,6
1311,7,10,2,902.4715,700,4
1312,9,16,2,902.7956,1200,5
1313,4,20,2,903.0279,900,4
1314,12,9,2,904.0367,800,7
1315,10,5,2,904.518,1100,3
1316,12,16,2,905.037,1000,3
1317,4,12,2,905.6653,900,7
1318,15,13,2,906.2985,1100,7
1319,5,19,2,907.5209,2000,4
1320,5,13,2,908.415,1900,3
1321,10,11,2,909.7094,1000,6
1322,13,8,2,909.8243,700,3
1323,13,16,2,910.2154,1800,6
1324,7,10,2,911.3504,500,3
1325,15,12,2,911.3844,1900,5
1326,3,20,2,912.7654,2000,4
1327,12,16,2,914.298,1400,7
1328,11,20,2,914.849,1900,5
1329,7,18,2,918.0166,1200,3
1330,3,17,2,918.6523,1500,3
1331,12,14,2,918.9654,1300,6
1332,11,11,2,920.535,1400,4
1333,9,19,2,922.2809,1000,4
1334,5,5,2,922.7312,1300,6
1335,5,10,2,923.0205,1100,5
1336,11,13,2,923.3046,1900,4
1337,7,8,2,924.3158,1100,3
1338,6,15,2,925.5201,800,3
1339,9,5,2,925.7934,900,3
1340,3,16,2,926.5658,1100,3
1341,10,8,2,926.685,600,6
1342,11,13,2,926.7732,600,4
1343,13,13,2,926.8608,700,6
1344,11,11,2,927.2927,1800,3
1345,3,7,2,927.8132,900,6
1346,11,8,2,929.2427,1900,7
1347,14,13,2,929.6092,2000,6
1348,13,16,2,929.6787,1400,5
1349,3,18,2,930.3942,500,5
1350,4,14,2,931.6481,2000,6
1351,12,19,2,932.5268,1400,3
1352,4,19,2,932.7955,1300,6
1353,11,12,2,933.5937,700,5
1354,10,8,2,934.3754,1800,6
1355,8,5,2,935.0548,1100,4
1356,10,16,2,936.4301,1800,5
1357,6,11,2,937.7047,1400,6
1358,10,8,2,938.4217,1000,6
1359,13,11,2,938.7176,1700,3
1360,3,11,2,939.0395,1100,4
1361,12,8,2,939.0916,600,4
1362,10,10,2,939.2101,500,6
1363,10,14,2,939.7007,2000,4
1364,7,7,2,940.158,1400,5
1365,14,20,2,941.404,1400,3
1366,5,11,2,943.3526,1100,4
1367,10,9,2,944.8011,900,6
1368,13,5,2,945.2238,1100,5
1369,11,16,2,945.7145,1200,4
1370,15,13,2,945.8257,900,3
1371,4,5,2,945.8479,700,6
1372,10,8,2,945.959,1600,7
1373,9,13,2,945.9892,1800,3
1374,11,13,2,946.5664,1500,5
1375,6,10,2,948.3702,600,4
1376,10,15,2,950.2233,700,6
1377,7,15,2,950.2935,1500,5
1378,10,9,2,950.3732,1100,3
1379,3,5,2,950.7114,700,7
1380,15,12,2,952.6377,700,5
1381,4,8,2,952.6734,700,4
1382,8,17,2,954.5512,500,7
1383,11,15,2,955.3887,800,4
1384,7,20,2,955.8097,1600,3
1385,6,6,2,957.7682,1800,7
1386,4,14,2,958.037,1500,6
1387,7,13,2,959.143,700,4
1388,3,12,2,960.1943,600,3
1389,5,20,2,961.1362,900,6
1390,4,12,2,961.247,1700,6
1391,11,18,2,961.827,1000,3
1392,5,17,2,962.343,700,4
1393,4,10,2,962.3895,800,7
1394,13,19,2,963.2544,600,4
1395,15,13,2,963.3882,1000,3
1396,6,13,2,963.716,1100,6
1397,3,19,2,964.576,1900,3
1398,5,7,2,966.378,900,5
1399,14,6,2,966.9636,800,7
1400,13,18,2,967.0411,1200,6
1401,7,15,2,967.3828,500,7
1402,9,12,2,967.7174,700,5
1403,5,15,2,968.273,800,4
1404,7,6,2,968.6843,600,7
1405,6,11,2,969.5477,900,6
1406,14,12,2,970.3086,600,3
1407,13,17,2,970.695,600,3
1408,6,7,2,970.7364,2000,4
1409,3,15,2,971.5316,1500,6
1410,15,18,2,971.5552,1300,6
1411,8,16,2,972.5087,1700,7
1412,4,11,2,973.6881,2000,4
1413,15,18,2,973.694,1300,5
1414,15,13,2,974.7242,800,5
1415,8,8,2,974.861,1200,6
1416,4,11,2,975.0941,1000,7
1417,9,20,2,976.9,800,7
1418,15,17,2,980.1627,1000,4
1419,10,7,2,980.4681,1200,3
1420,8,7,2,980.8925,1900,7
1421,14,15,2,981.6434,1200,3
1422,13,8,2,982.5776,1400,4
1423,15,19,2,983.7131,1500,4
1424,6,18,2,983.8582,1000,5
1425,3,12,2,983.9224,2000,5
1426,4,6,2,984.1233,1400,6
1427,4,17,2,985.5554,1500,6
1428,9,14,2,986.2066,800,5
1429,6,9,2,986.4634,1800,7
1430,3,12,2,986.5011,1000,6
1431,5,12,2,987.6841,1100,3
1432,4,8,2,987.7228,1800,5
1433,13,6,2,988.5952,500,6
1434,7,11,2,989.144,1200,6
1435,13,16,2,989.324,1300,4
1436,13,8,2,989.864,1600,6
1437,15,9,2,991.3849,1700,7
1438,7,6,2,991.4555,700,3
1439,4,6,2,991.7562,600,3
1440,11,18,2,992.6582,1900,6
1441,10,17,2,992.8188,1200,3
1442,3,10,2,993.8949,1100,3
1443,4,8,2,995.8313,1300,3
1444,3,13,2,996.4355,1500,5
1445,14,9,2,999.8097,1300,4
1446,14,12,2,999.9478,1300,5
1447,4,6,2,1000.1354,1100,6
1448,4,18,2,1000.5529,700,4
1449,6,16,2,1000.6766,1300,5
1450,6,6,2,1001.6128,1000,5
1451,4,19,2,1003.46,900,4
1452,7,16,2,1003.8023,2000,4
1453,5,5,2,1003.8309,1100,5
1454,10,8,2,1004.3714,1600,6
1455,7,16,2,1005.3983,900,3
1456,11,9,2,1005.8277,1800,3
1457,6,15,2,1006.1244,1600,7
1458,4,7,2,1007.2105,1400,3
1459,3,12,2,1008.6999,500,7
1460,13,18,2,1010.3142,700,7
1461,4,7,2,1011.5977,1600,7
1462,5,17,2,1012.1548,1500,7
1463,10,5,2,1012.2021,500,6
1464,14,17,2,1012.3709,800,7
1465,15,12,2,1013.2455,1200,5
1466,10,16,2,1013.2504,1900,5
1467,11,5,2,1013.4138,1400,5
1468,8,11,2,1013.6098,1200,4
1469,13,10,2,1014.3378,700,3
1470,5,18,2,1015.621,600,6
1471,5,17,2,1016.7554,600,6
1472,8,8,2,1017.4465,500,3
1473,14,9,2,1018.7366,1700,3
1474,4,12,2,1020.8318,2000,3
1475,15,9,2,1021.0021,1600,5
1476,15,5,2,1021.1522,1100,4
1477,8,9,2,1021.7541,700,6
1478,9,19,2,1022.5475,1700,7
1479,13,13,2,1022.9666,1200,7
1480,3,13,2,1023.6141,1800,4
1481,9,10,2,1023.9574,800,7
1482,14,5,2,1024.405,1600,4
1483,7,15,2,1026.7513,1100,4
1484,10,15,2,1027.6594,1100,3
1485,15,13,2,1029.8848,2000,6
1486,11,18,2,1030.7368,1200,4
1487,13,10,2,1030.9131,500,4
1488,15,19,2,1031.2474,1400,3
1489,8,12,2,1031.9417,900,3
1490,7,8,2,1032.8911,1700,7
1491,9,14,2,1033.5384,1200,7
1492,12,18,2,1033.7216,700,4
1493,5,12,2,1033.8508,1900,7
1494,10,10,2,1034.8731,1500,6
1495,8,8,2,1036.5887,1900,5
1496,4,16,2,1037.6021,1600,3
1497,12,16,2,1039.4169,2000,3
1498,5,7,2,1039.8412,1100,5
1499,5,5,2,1040.6701,500,6
1500,6,11,2,1042.2067,700,4
1501,11,20,2,1043.1135,1800,7
1502,11,9,2,1043.4824,1500,5
1503,6,9,2,1043.8973,500,3
1504,4,12,2,1044.0427,800,7
1505,7,12,2,1045.0827,1400,3
1506,8,8,2,1045.3187,700,7
1507,11,8,2,1045.5196,1200,3
1508,10,12,2,1046.0435,1200,3
1509,8,18,2,1046.2789,800,7
1510,7,7,2,1046.3788,1200,4
1511,14,5,2,1046.7608,1000,5
1512,4,15,2,1047.0056,1400,7
1513,7,19,2,1047.8011,600,7
1514,10,5,2,1047.9073,1600,7
1515,9,12,2,1048.8774,500,4
1516,9,10,2,1051.2017,1300,7
1517,12,17,2,1051.4581,700,7
1518,5,11,2,1051.9383,1700,4
1519,11,19,2,1055.6367,1000,4
1520,7,5,2,1056.4083,700,4
1521,8,15,2,1056.5425,1800,3
1522,5,11,2,1056.9793,1800,3
1523,5,11,2,1057.4909,1600,3
1524,15,12,2,1057.8045,1600,6
1525,12,7,2,1058.5072,1100,7
1526,9,13,2,1059.2251,1400,5
1527,12,8,2,1059.2864,500,7
1528,9,15,2,1059.682,1500,6
1529,6,6,2,1059.9068,1700,5
1530,10,6,2,1060.3261,1600,7
1531,11,7,2,1061.0386,700,4
1532,7,9,2,1061.2326,800,6
1533,8,7,2,1061.236,1900,4
1534,8,20,2,1061.8821,1600,5
1535,5,8,2,1063.7677,1900,7
1536,5,9,2,1063.9372,1600,3
1537,4,13,2,1063.9412,1600,6
1538,12,5,2,1064.3083,1000,6
1539,11,16,2,1064.3962,1600,5
1540,13,19,2,1065.5642,1000,3
1541,4,12,2,1065.8022,700,5
1542,3,8,2,1066.5652,1900,7
1543,5,20,2,1066.5771,1100,3
1544,6,16,2,1067.2692,1300,5
1545,15,9,2,1067.4982,1100,4
1546,5,20,2,1068.1475,1300,6
1547,11,8,2,1069.6612,1200,7
1548,13,10,2,1069.8004,1300,7
1549,9,18,2,1069.8272,600,4
1550,13,11,2,1070.2306,1300,4
1551,7,7,2,1071.9402,1900,6
1552,11,17,2,1072.1876,500,7
1553,9,14,2,1072.456,600,6
1554,8,10,2,1073.9432,900,6
1555,7,15,2,1074.9884,1200,4
1556,12,14,2,1075.3339,1200,3
1557,8,13,2,1076.0518,1800,3
1558,14,17,2,1076.6602,700,3
1559,10,15,2,1076.7005,800,4
1560,7,16,2,1079.9039,600,3
1561,4,17,2,1080.1488,1000,4
1562,15,9,2,1080.4495,1300,3
1563,10,19,2,1080.9367,1700,3
1564,4,8,2,1082.0919,1500,5
1565,13,7,2,1082.1806,800,3
1566,11,19,2,1082.496,900,6
1567,10,20,2,1082.7922,900,4
1568,9,14,2,1084.2392,1300,6
1569,9,16,2,1084.2608,1700,5
1570,13,16,2,1085.9358,900,6
1571,10,20,2,1086.4723,900,6
1572,11,8,2,1088.1365,1900,6
1573,9,20,2,1088.3263,2000,3
1574,12,19,2,1088.3769,1900,6
1575,7,18,2,1088.3948,500,7
1576,9,13,2,1088.5117,1400,7
1577,12,11,2,1088.6361,1000,6
1578,7,6,2,1088.8437,600,6
1579,6,19,2,1089.0834,900,3
1580,15,6,2,1089.7273,1500,4
1581,5,14,2,1090.4484,1700,4
1582,7,11,2,1090.8257,2000,5
1583,14,10,2,1092.1086,600,4
1584,13,7,2,1092.4869,1900,6
1585,12,7,2,1092.9253,700,7
1586,4,16,2,1093.9702,700,5
1587,6,20,2,1094.2206,1800,4
1588,4,16,2,1095.0119,500,4
1589,4,14,2,1095.3424,1000,6
1590,5,20,2,1095.7001,1200,3
1591,14,12,2,1099.2568,600,6
1592,7,16,2,1100.3841,1900,3
1593,8,13,2,1100.4333,1000,6
1594,3,15,2,1100.5877,700,4
1595,12,18,2,1101.2253,1200,4
1596,13,20,2,1101.3219,1300,7
1597,4,16,2,1102.3712,1500,6
1598,14,7,2,1102.5743,500,4
1599,13,9,2,1102.8162,1400,6
1600,7,12,2,1103.6283,700,5
1601,15,8,2,1104.9129,900,3
1602,12,5,2,1107.584,1800,5
1603,5,17,2,1107.8488,1100,5
1604,15,10,2,1110.928,2000,6
1605,15,11,2,1111.2713,500,7
1606,5,5,2,1111.5937,1400,4
1607,12,6,2,1111.9772,600,7
1608,4,11,2,1112.0038,500,4
1609,4,20,2,1113.0233,900,6
1610,11,8,2,1113.8349,700,5
1611,13,17,2,1114.5519,1500,3
1612,7,10,2,1114.6166,1600,4
1613,12,20,2,1114.7642,1700,4
1614,10,5,2,1115.171,1800,6
1615,15,12,2,1115.264,1300,5
1616,14,17,2,1115.288,1100,7
1617,6,11,2,1115.6087,1700,3
1618,8,7,2,1116.9654,900,4
1619,15,14,2,1117.0827,1500,3
1620,12,8,2,1117.8727,1500,5
1621,15,11,2,1118.0462,1500,5
1622,6,10,2,1118.2876,1400,4
1623,12,18,2,1118.4108,1000,5
1624,11,19,2,1118.6817,1700,4
1625,7,7,2,1118.7327,1800,3
1626,13,16,2,1118.8297,700,3
1627,6,18,2,1121.4632,800,6
1628,15,9,2,1122.0993,1200,6
1629,9,8,2,1122.2885,1600,6
1630,4,19,2,1122.397,1800,4
1631,10,15,2,1122.4256,1800,6
1632,13,6,2,1122.6122,1900,3
1633,5,17,2,1123.8465,1300,6
1634,3,10,2,1124.5768,800,4
1635,10,6,2,1126.0956,1700,4
1636,7,9,2,1126.2012,1000,5
1637,5,6,2,1126.8237,700,4
1638,13,13,2,1128.9977,1300,5
1639,5,18,2,1129.0792,1000,4
1640,5,11,2,1129.7206,1000,3
1641,9,6,2,1131.5706,800,6
1642,3,18,2,1131.7952,1400,5
1643,14,18,2,1132.5583,1100,3
1644,7,16,2,1133.5278,500,7
1645,10,11,2,1133.5683,1300,5
1646,3,8,2,1134.2863,1400,4
1647,13,10,2,1134.997,1200,3
1648,11,18,2,1135.5707,800,7
1649,13,17,2,1136.2407,1300,3
1650,14,14,2,1136.2538,1200,5
1651,10,14,2,1140.8871,600,7
1652,14,8,2,1141.2443,2000,3
1653,5,6,2,1141.6571,1800,3
1654,10,6,2,1142.6158,900,4
1655,13,13,2,1143.0913,1000,6
1656,10,19,2,1144.054,700,4
1657,3,9,2,1144.1851,1900,4
1658,15,14,2,1146.4402,800,7
1659,10,19,2,1147.0417,1600,6
1660,4,18,2,1148.4094,1200,4
1661,7,13,2,1149.5295,1800,5
1662,15,20,2,1151.1545,700,6
1663,11,6,2,1151.1592,1000,4
1664,7,19,2,1151.8525,1800,7
1665,5,14,2,1152.6689,2000,5
1666,15,8,2,1153.5481,500,4
1667,4,9,2,1153.7408,1000,3
1668,3,20,2,1153.9304,1600,7
1669,5,6,2,1154.1162,1500,3
1670,14,6,2,1154.2163,1900,4
1671,10,13,2,1156.868,1800,3
1672,7,7,2,1158.5188,1000,5
1673,10,11,2,1158.9244,1900,7
1674,6,14,2,1159.1002,800,4
1675,7,9,2,1159.9797,900,7
1676,12,6,2,1160.2355,700,6
1677,14,5,2,1161.6259,1600,4
1678,9,18,2,1165.2953,1700,4
1679,3,13,2,1165.4858,1600,6
1680,11,6,2,1166.0254,1300,3
1681,4,15,2,1166.1911,1400,6
1682,11,17,2,1168.1039,600,3
1683,11,8,2,1168.4094,700,4
1684,12,5,2,1169.4643,1800,3
1685,9,8,2,1171.4653,1200,6
1686,14,8,2,1172.0527,900,3
1687,12,16,2,1172.9182,800,7
1688,3,11,2,1174.4165,1600,6
1689,12,18,2,1175.1312,600,4
1690,13,19,2,1176.5752,1000,6
1691,13,20,2,1176.9755,500,4
1692,10,11,2,1178.0973,1100,5
1693,5,16,2,1178.2926,1000,7
1694,11,16,2,1178.5042,900,5
1695,9,5,2,1178.5557,900,4
1696,9,16,2,1178.7922,1500,7
1697,11,6,2,1179.7744,1000,3
1698,13,6,2,1180.2499,1600,4
1699,14,12,2,1180.3347,900,6
1700,4,15,2,1180.6266,800,7
1701,10,6,2,1181.0638,600,4
1702,6,11,2,1181.7315,2000,7
1703,7,9,2,1182.0557,1900,3
1704,4,11,2,1182.9495,700,6
1705,13,6,2,1183.1422,2000,5
1706,11,20,2,1184.9389,700,5
1707,13,8,2,1185.2371,1100,4
1708,12,9,2,1186.2602,1900,7
1709,13,10,2,1186.4883,600,3
1710,9,12,2,1186.6644,1600,7
1711,13,9,2,1186.8537,2000,7
1712,15,20,2,1187.6891,1900,6
1713,11,8,2,1187.9221,900,5
1714,15,7,2,1187.935,1300,4
1715,9,7,2,1189.7184,1300,7
1716,6,8,2,1189.8113,900,7
1717,8,6,2,1190.6782,1900,7
1718,6,5,2,1190.8056,1000,6
1719,11,8,2,1190.8188,700,7
1720,9,10,2,1191.5014,800,7
1721,6,18,2,1191.9077,900,7
1722,10,17,2,1194.1216,1300,5
1723,4,18,2,1195.23,1700,6
1724,9,19,2,1196.4986,1900,7
1725,6,17,2,1196.6603,800,5
1726,13,14,2,1196.7835,1400,5
1727,5,10,2,1197.3444,1600,4
1728,11,20,2,1198.7946,800,5
1729,14,8,2,1201.8622,1200,4
1730,7,20,2,1202.531,700,6
1731,5,6,2,1202.7103,1600,6
1732,9,6,2,1203.3144,1200,3
1733,5,9,2,1203.4893,900,3
1734,7,16,2,1203.6294,1100,7
1735,8,20,2,1204.3085,1000,6
1736,12,19,2,1204.3589,1900,3
1737,8,14,2,1204.374,1700,3
1738,6,18,2,1205.0085,1000,4
1739,14,15,2,1206.3973,1600,4
1740,8,19,2,1206.9224,1900,3
1741,15,11,2,1207.3483,1600,5
1742,4,11,2,1207.6825,1400,3
1743,14,20,2,1207.7605,500,7
1744,14,16,2,1209.76,1100,4
1745,3,8,2,1210.0056,900,7
1746,5,7,2,1213.6247,1100,3
1747,8,8,2,1214.4823,1200,3
1748,3,18,2,1215.3517,1500,5
1749,15,10,2,1216.3648,1800,3
1750,10,16,2,1216.4559,1400,6
1751,4,8,2,1217.9633,600,6
1752,3,9,2,1218.2169,600,7
1753,14,18,2,1221.5652,700,5
1754,6,11,2,1222.2171,1500,5
1755,6,15,2,1222.2335,1000,4
1756,7,6,2,1222.6538,1400,7
1757,5,10,2,1223.2285,1900,6
1758,3,14,2,1226.4063,1400,4
1759,7,8,2,1226.9568,1700,5
1760,8,5,2,1227.1739,1200,4
1761,12,13,2,1227.3038,2000,3
1762,3,5,2,1227.8989,900,5
1763,6,6,2,1228.793,800,5
1764,3,16,2,1230.3756,1200,6
1765,3,10,2,1230.8568,1900,5
1766,4,14,2,1231.7689,800,4
1767,6,18,2,1233.2573,1300,3
1768,9,11,2,1233.3199,1700,7
1769,3,12,2,1233.5557,1800,6
1770,7,16,2,1234.7872,1200,4
1771,12,9,2,1235.4312,1800,7
1772,13,7,2,1235.9022,1300,4
1773,11,17,2,1236.1749,1500,3
1774,6,18,2,1238.6865,1900,6
1775,12,6,2,1238.9508,600,6
1776,10,7,2,1239.2231,1100,5
1777,15,16,2,1239.2594,1500,5
1778,12,16,2,1239.5794,2000,5
1779,10,8,2,1240.4018,800,5
1780,15,12,2,1240.5263,1700,4
1781,10,9,2,1241.4088,700,4
1782,8,17,2,1242.2531,1900,5
1783,12,14,2,1243.7971,1500,5
1784,7,11,2,1245.2922,1900,4
1785,9,14,2,1245.5163,1900,6
1786,4,8,2,1245.8426,800,4
1787,7,11,2,1246.1564,1700,3
1788,7,13,2,1246.7396,700,7
1789,15,7,2,1247.5049,1300,4
1790,4,9,2,1248.0415,1200,5
1791,7,12,2,1249.0729,1600,7
1792,6,6,2,1249.2778,1900,3
1793,15,10,2,1249.4859,600,6
1794,5,7,2,1249.9354,800,5
1795,4,15,2,1250.9026,1400,5
1796,9,15,2,1251.4157,2000,4
1797,5,9,2,1253.2109,700,7
1798,11,9,2,1254.2009,600,5
1799,8,7,2,1255.0801,1900,7
1800,5,15,2,1255.7218,900,6
1801,15,20,2,1256.2168,2000,6
1802,15,12,2,1256.873,1100,6
1803,14,7,2,1256.9519,700,6
1804,12,13,2,1257.1284,1400,5
1805,15,14,2,1257.855,1100,6
1806,6,5,2,1258.2762,900,5
1807,3,19,2,1260.0749,1100,6
1808,7,13,2,1260.7967,1600,3
1809,11,9,2,1261.6316,2000,5
1810,4,11,2,1262.8484,2000,7
1811,14,20,2,1262.964,500,5
1812,14,18,2,1263.9947,900,3
1813,13,17,2,1264.6039,1000,6
1814,5,20,2,1265.0944,1900,4
1815,15,8,2,1265.3495,1400,3
1816,3,12,2,1266.9249,1600,4
1817,4,12,2,1267.322,1800,5
1818,4,11,2,1269.5723,1000,4
1819,11,9,2,1269.7869,1600,6
1820,12,20,2,1271.181,1300,5
1821,14,6,2,1272.8391,800,3
1822,6,10,2,1273.3408,500,3
1823,14,12,2,1273.3526,1200,5
1824,7,20,2,1274.2253,1000,5
1825,6,19,2,1276.6779,1200,4
1826,4,18,2,1276.9593,1700,4
1827,4,14,2,1277.4455,2000,7
1828,9,13,2,1277.7367,1300,6
1829,4,12,2,1278.8614,800,7
1830,12,13,2,1280.3159,500,3
1831,10,14,2,1281.1805,1400,4
1832,4,15,2,1281.2605,1100,5
1833,6,20,2,1281.836,1600,5
1834,4,19,2,1282.5445,1800,7
1835,9,19,2,1284.7527,800,4
1836,11,5,2,1285.6176,700,7
1837,11,15,2,1285.6693,600,3
1838,3,13,2,1286.4286,900,5
1839,13,19,2,1289.3819,600,5
1840,3,7,2,1289.8751,800,5
1841,13,14,2,1290.0118,1200,4
1842,10,17,2,1290.2985,700,4
1843,10,7,2,1291.3907,1700,6
1844,10,18,2,1291.4955,500,3
1845,12,11,2,1291.5387,500,3
1846,6,17,2,1292.1248,500,7
1847,10,17,2,1292.2795,1200,3
1848,5,8,2,1296.0121,2000,7
1849,11,7,2,1296.3588,1100,7
1850,10,8,2,1296.7266,1100,7
1851,8,20,2,1296.7789,700,5
1852,7,13,2,1297.473,1500,4
1853,9,20,2,1297.6142,1100,3
1854,14,10,2,1297.9313,1900,6
1855,13,6,2,1298.8746,1100,4
1856,4,9,2,1299.5361,1600,5
1857,3,20,2,1299.9788,600,5
1858,5,8,2,1300.151,1300,4
1859,9,10,2,1300.2656,1400,3
1860,5,15,2,1300.5485,700,4
1861,12,11,2,1301.4335,700,3
1862,10,17,2,1301.6897,1400,7
1863,4,12,2,1303.2665,1000,5
1864,5,19,2,1303.5305,900,7
1865,14,11,2,1303.5398,1200,3
1866,3,16,2,1303.9761,1800,4
1867,7,9,2,1304.457,1200,7
1868,14,15,2,1304.9909,1100,7
1869,5,20,2,1306.4162,600,3
1870,14,20,2,1306.5125,1000,7
1871,14,18,2,1306.861,1300,7
1872,4,5,2,1310.3722,1200,3
1873,11,15,2,1311.0636,1200,5
1874,10,8,2,1311.9037,500,3
1875,11,15,2,1312.1011,600,3
1876,8,19,2,1312.7394,1900,4
1877,5,16,2,1313.6662,1700,4
1878,11,7,2,1313.9088,800,4
1879,11,9,2,1314.5146,1100,7
1880,11,12,2,1315.2775,1900,6
1881,14,13,2,1316.5741,1300,4
1882,5,12,2,1316.8823,1000,6
1883,9,18,2,1317.2515,1700,4
1884,11,13,2,1318.5587,800,7
1885,8,9,2,1319.489,1600,3
1886,15,20,2,1319.8366,2000,3
1887,7,20,2,1321.5791,2000,6
1888,6,8,2,1322.1915,600,5
1889,13,12,2,1322.4744,1800,3
1890,4,7,2,1322.883,2000,4
1891,3,18,2,1323.0061,600,3
1892,7,19,2,1325.5422,900,4
1893,11,9,2,1325.6508,2000,4
1894,5,20,2,1325.7248,900,7
1895,15,20,2,1325.7767,1900,5
1896,4,16,2,1327.7076,1600,3
1897,8,16,2,1328.6206,2000,7
1898,4,16,2,1328.8876,500,3
1899,14,7,2,1329.0558,700,5
1900,13,18,2,1329.6454,1000,4
1901,6,7,2,1330.0399,1300,5
1902,9,5,2,1331.578,1700,3
1903,7,8,2,1332.6106,2000,7
1904,3,5,2,1332.7522,1900,5
1905,3,9,2,1333.097,700,3
1906,12,13,2,1333.1553,1800,5
1907,13,17,2,1334.5856,1700,7
1908,13,18,2,1335.5558,1700,6
1909,9,20,2,1335.6002,600,7
1910,15,14,2,1335.9505,1100,6
1911,4,14,2,1336.3789,700,6
1912,5,20,2,1336.4885,1800,5
1913,10,8,2,1336.7531,1900,3
1914,3,14,2,1336.908,1600,3
1915,8,14,2,1337.1379,1200,6
1916,12,19,2,1337.3516,1400,3
1917,14,9,2,1337.8798,1900,5
1918,9,14,2,1338.2069,2000,3
1919,8,13,2,1338.3527,700,6
1920,13,7,2,1339.762,500,4
1921,10,8,2,1340.5114,500,4
1922,11,7,2,1341.857,1300,3
1923,5,9,2,1342.432,900,4
1924,12,5,2,1343.0514,1600,3
1925,6,12,2,1344.4844,600,7
1926,5,18,2,1344.5235,2000,3
1927,7,16,2,1344.9035,1600,7
1928,6,16,2,1344.9794,1500,6
1929,3,7,2,1345.4314,800,5
1930,12,6,2,1347.8177,1100,5
1931,9,19,2,1349.6895,800,7
1932,5,20,2,1349.7411,2000,7
1933,9,17,2,1349.806,600,3
1934,3,13,2,1350.1526,1900,7
1935,10,12,2,1350.1816,1000,6
1936,7,5,2,1350.4711,1200,6
1937,3,13,2,1350.6881,1000,6
1938,4,12,2,1350.7919,1900,7
1939,3,10,2,1351.0541,1200,5
1940,14,10,2,1351.2241,1200,7
1941,7,11,2,1352.7774,1400,3
1942,6,20,2,1354.104,1900,5
1943,4,7,2,1354.8573,1700,7
1944,14,20,2,1354.9806,700,6
1945,10,5,2,1355.7834,800,4
1946,3,13,2,1355.9287,700,4
1947,4,12,2,1356.1605,500,5
1948,7,10,2,1358.1353,1900,3
1949,8,10,2,1358.3418,1300,6
1950,15,15,2,1360.8598,1600,7
1951,10,5,2,1361.86,900,3
1952,13,17,2,1361.8782,900,3
1953,7,18,2,1363.4629,800,4
1954,4,10,2,1365.9466,1600,7
1955,10,12,2,1367.6352,800,5
1956,12,12,2,1368.31,1400,3
1957,15,8,2,1368.5179,1000,4
1958,13,17,2,1369.6235,1800,6
1959,5,18,2,1370.5191,1000,5
1960,3,18,2,1370.5811,1100,7
1961,4,20,2,1371.0718,1700,5
1962,4,15,2,1372.5266,1400,5
1963,13,16,2,1372.6979,1000,4
1964,4,12,2,1372.7368,1100,6
1965,6,7,2,1373.0138,500,7
1966,3,18,2,1374.0052,1000,3
1967,3,16,2,1374.0586,2000,6
1968,4,13,2,1374.747,1000,5
1969,15,16,2,1374.7539,800,3
1970,14,13,2,1375.7814,1800,5
1971,12,13,2,1376.1677,1400,3
1972,11,7,2,1376.3182,1600,3
1973,13,19,2,1377.1486,900,3
1974,8,8,2,1379.0678,1700,7
1975,3,11,2,1379.2904,1900,3
1976,7,8,2,1381.9894,900,4
1977,7,6,2,1383.3809,500,7
1978,8,18,2,1385.6066,600,6
1979,14,18,2,1385.6231,1500,5
1980,3,18,2,1385.928,1900,6
1981,15,17,2,1385.9999,1400,5
1982,15,11,2,1386.2812,1800,7
1983,14,7,2,1386.645,1100,7
1984,3,11,2,1387.678,500,7
1985,9,9,2,1388.6753,1700,7
1986,10,17,2,1389.8445,1000,5
1987,14,16,2,1390.3311,1000,3
1988,6,14,2,1391.5223,1500,5
1989,11,19,2,1391.6043,1400,3
1990,9,7,2,1392.1681,1900,4
1991,5,17,2,1392.8744,500,3
1992,12,17,2,1393.8267,500,4
1993,11,17,2,1393.8666,1300,7
1994,9,5,2,1395.0368,700,6
1995,4,10,2,1396.2469,1900,5
1996,9,6,2,1396.499,1300,7
1997,14,12,2,1396.8481,1200,5
1998,5,5,2,1396.8858,1500,6
1999,6,19,2,1396.9567,1200,3
